公司名称,城市,营业收入,利润,上市日期,行业分类,产品类型
北京时代科技股份有限公司,北京市,2.16亿,4478.66万,2006-03-31,金属切割及焊接设备制造,焊机、切割机、零配件技术服务
北京绿创环保设备股份有限公司,北京市,1224.56万,-2482.19万,2006-06-07,环境保护专用设备制造,汽排业务、大气业务
原子高科股份有限公司,北京市,13.25亿,2.94亿,2006-07-28,化学药品制剂制造,放射性药品销售及检验业务、放射源销售及技术服务业务、辐照业务、辐射防护器材及建筑工程业务、专用设备生产及销售业务
北京华环电子股份有限公司,北京市,2.48亿,1323.96万,2006-11-28,通信终端设备制造,传输接入产品、终端产品、加工费
现代农装科技股份有限公司,北京市,2.41亿,-3502.94万,2006-12-08,机械化农业及园艺机具制造,技术开发、技术推广、销售农业机械设备及配件、汽车、棉花、机械配件、自动导航驾驶系统
北京恒业世纪科技股份有限公司,北京市,2.94亿,2475.20万,2007-06-15,社会公共安全设备及器材制造,消防应急疏散逃生系统、智能建筑整体解决方案
英特智城(北京)信息科技股份有限公司,北京市,--,--,2007-06-18,信息系统集成服务,技术开发与服务
北京胜龙科技股份有限公司,北京市,--,--,2007-07-26,软件开发,视觉识别以及语音识别产品
北京星昊医药股份有限公司,北京市,5.82亿,7006.75万,2007-08-16,化学药品制剂制造,复方消化酶胶囊、吡拉西坦注射剂、甲钴胺片、胞磷胆碱钠注射液、cd醋酸奥曲肽注射剂、注射用七叶皂苷钠、注射用利福霉素钠、CMC/CMO
北京新松佳和电子系统股份有限公司,北京市,1.25亿,1467.90万,2007-09-28,其他计算机制造,抗恶劣环境产品、通用控制领域产品
北京建工华创科技发展股份有限公司,北京市,688.63万,-1226.20万,2007-09-28,防水建筑材料制造,预制混凝土构配件、模具、技术服务
北京海鑫科金高科技股份有限公司,北京市,5.99亿,3616.50万,2007-09-28,信息系统集成服务,技术服务、租金
北京五岳鑫信息技术股份有限公司,北京市,5562.57万,1818.89万,2007-10-18,计算机外围设备制造,阅读机、服务、语音卡
北京石晶光电科技股份有限公司,北京市,1.32亿,635.65万,2008-01-16,其他非金属矿物制品制造,棒（板）材、厚度片、光学片、频率片、原晶
北京北科光大信息技术股份有限公司,北京市,1257.63万,-1806.57万,2008-02-18,软件开发,技术开发、服务、集成产品、商品销售
北京京鹏环球科技股份有限公司,北京市,3.47亿,-1663.73万,2008-04-30,其他建筑安装业,现代农业设施、出租固定资产
北京金泰得生物科技股份有限公司,北京市,--,--,2008-06-20,饲料加工,饲料
北京林克曼数控技术股份有限公司,北京市,2346.87万,581.21万,2008-09-01,软件开发,硬件、软件
北京凯英信业科技股份有限公司,北京市,150.10万,-1980.41万,2008-10-28,信息系统集成服务,系统集成、技术服务、软硬件开发与销售
北京彩讯科技股份有限公司,北京市,4403.65万,31.75万,2008-10-28,计算机零部件制造,大屏幕图像处理设备、大屏幕信号处理设备、大屏幕显示设备整机、租赁、技术服务、配件、软件产品
北京九州大地生物技术集团股份有限公司,北京市,32.33亿,1.22亿,2008-10-28,饲料加工,饲料、牛奶、生物资产及冻精、牛肉制品
北京联飞翔科技股份有限公司,北京市,6.12亿,2100.86万,2008-12-05,原油加工及石油制品制造,滤清器及其组件类产品、长效低碳润滑类产品、低张力养护液类产品、新型功能材料制品、消毒类产品、佣金服务、后市场服务
北京信维科技股份有限公司,北京市,6558.86万,-1546.57万,2008-12-16,电子测量仪器制造,硬件软件、配件、技术
北京中机联供非晶科技股份有限公司,北京市,110.09万,-719.52万,2008-12-25,变压器、整流器和电感器制造,厂房租金
北京市科瑞讯科技发展股份有限公司,北京市,1720.32万,-5352.23万,2009-01-15,软件开发,软件及技术、集成设备
北京东宝亿通科技股份有限公司,北京市,0.0000,-86.90万,2009-01-12,电气信号设备装置制造,传感器加工
北京圣博润高新技术股份有限公司,北京市,3.58亿,4181.14万,2009-02-18,软件开发,第三方商品、工业互联网安全产品、安全审计及防护产品、安全咨询服务
北京诺思兰德生物技术股份有限公司,北京市,5685.59万,-5052.85万,2020-11-24,生物技术推广服务,基因治疗药物、重组蛋白质类药物、眼科药物
北京九恒星科技股份有限公司,北京市,2.40亿,788.90万,2009-02-18,软件开发,智能资金平台系统及客户化开发、电信业务产品、配套安全及硬件产品、商业智能通用分析平台、金云多银行财资管理平台、集团票据池系统
北京灿和兄弟科技股份有限公司,北京市,2.90亿,-4746.11万,2009-03-19,互联网信息服务,游戏业务
北京国学时代文化传播股份有限公司,北京市,2670.48万,112.64万,2009-03-31,数据处理和存储服务,服务、销售
拉萨经济技术开发区超毅世纪网络技术股份有限公司,拉萨市,848.18万,-1460.46万,2009-04-16,金矿采选,金精粉、粉块矿、副产银
中电达通数据技术股份有限公司,北京市,3327.78万,-3084.02万,2009-04-28,软件开发,技术服务和维保服务、软件和设备销售
中航百慕新材料技术工程股份有限公司,北京市,1.85亿,1081.76万,2009-07-01,涂料制造,涂料、油墨、颜料及类似产品制造
北京清畅电力技术股份有限公司,北京市,4.04亿,925.74万,2009-07-14,配电开关控制设备制造,环网柜系列、箱变系列、柱上开关系列、附件系列、电缆分支箱系列
北京意诚信通科技股份有限公司,北京市,6944.30万,-82.34万,2009-08-05,光电子器件及其他电子器件制造,接触式IC卡、密码卡、非接式卡、软件产品、电子标签、卡基印刷、智能数卡器、磁条卡、卡封、技术服务费、PVC卡
北京富机达能电气产品股份有限公司,北京市,1204.07万,52.12万,2009-11-09,配电开关控制设备制造,高压智能补偿装置、移动计量装置、能源管理服务、自动化控制系统、软件
北京中科国信科技股份有限公司,北京市,1.86亿,2510.96万,2010-01-12,软件开发,航空保障、航空检测、航空电子、卫星通信、卫星导航、卫星测控
北京金山顶尖科技股份有限公司,北京市,5.25亿,1229.05万,2010-03-17,信息系统集成服务,集成业务
中海阳能源集团股份有限公司,北京市,--,--,2010-03-19,光伏设备及元器件制造,光伏电站EPC工程施工及设备、太阳能光热设备及工程、自建电站
北京南北天地科技股份有限公司,北京市,1.01亿,635.16万,2010-04-22,软件开发,管理软件、开发费、服务费
北京维信通科技股份有限公司,北京市,--,--,2010-04-29,软件开发,运维产品及服务
北京纬纶华业环保科技股份有限公司,北京市,6436.24万,394.16万,2010-06-08,其他污染治理,系统集成、工程、设计及技术服务
北京太一云技术股份有限公司,北京市,1278.62万,-43.30万,2010-07-21,金属表面处理及热处理加工,区块链技术
北京亿创网安科技股份有限公司,北京市,1379.46万,12.60万,2010-08-31,软件开发,技术开发、服务
北京兆信信息技术股份有限公司,北京市,2.24亿,2546.59万,2010-09-10,集成电路设计,物联网标识、数字化解决方案、软件产品、物联网智能硬件
北京德鑫泉物联网科技股份有限公司,北京市,--,--,2010-10-08,信息技术咨询服务,物联网RFID智能封装设备
北京中讯四方科技股份有限公司,北京市,4.53亿,-444.09万,2010-11-18,电子元件及组件制造,声表类产品、微波类产品、集成电路、系统集成、电子产品辅助类
北京国基科技股份有限公司,北京市,1.99亿,2998.22万,2010-12-08,其他互联网服务,系统集成、产品销售与技术
北京道隆华尔软件股份有限公司,北京市,4819.85万,-2650.59万,2010-12-29,软件开发,定制软件产品、咨询服务收入、大数据运营服务、商品销售
北京君德同创生物技术股份有限公司,北京市,2.14亿,1179.89万,2011-01-18,饲料加工,饲料添加剂
北京安鹏行达汽车投资股份有限公司,北京市,287.74万,-3245.84万,2011-01-21,通信终端设备制造,商品销售、检测业务、库融管理、技术咨询服务、延保业务、软件服务、售后业务
北京尚水信息技术股份有限公司,北京市,--,--,2011-03-01,软件开发,水资源高效利用、水环境持续改善、水生态文明建设等领域的智慧化管理、水科学基础理论研究高端试验量测、数字实验室建设与管理；方案规划、工程实施和系统运维等水行业智慧管理整体解决方案
北京五八汽车科技股份有限公司,北京市,8895.91万,324.98万,2011-03-03,广告业,广告、互联网信息服务
北京博雅英杰科技股份有限公司,北京市,--,--,2011-03-28,通信终端设备制造,硬件、软件、技术服务、技术开发
北京中科联众科技股份有限公司,北京市,--,--,2011-03-28,数据处理和存储服务,无
北京星和众工设备技术股份有限公司,北京市,3.74亿,-7514.64万,2011-03-28,钢压延加工,生产线销售、机器人销售、锂电隔膜销售、技术服务、配件销售、房屋租赁
新锐英诚科技股份有限公司,北京市,2212.15万,-2021.19万,2011-04-01,信息系统集成服务,服务、系统集成、自有产品
北京爱迪科森教育科技股份有限公司,北京市,6391.88万,-920.80万,2011-04-08,软件开发,技术服务、网上报告厅、就业培训数据库管理、英语资源库、IET、朗读亭、资源平台、少儿多媒体图书馆
北京七维航测科技股份有限公司,北京市,--,--,2011-05-31,导航、气象及海洋专用仪器制造,航测、检测、监测产品
北京天一众合科技股份有限公司,北京市,1508.89万,-232.89万,2011-05-31,通信终端设备制造,识别卡类、软件类、基站类、系统类、配套类、成人用品类
同辉佳视(北京)信息技术股份有限公司,北京市,5.67亿,2617.20万,2021-08-09,信息系统集成服务,数字视觉应用解决
东方智感(浙江)科技股份有限公司,杭州市,5897.94万,2901.93万,2011-06-23,机械化农业及园艺机具制造,高端传感器设备、生态智能硬件设备、智能灌溉系统、提供生态大数据服务、生态智能设备租赁服务、农业保险业务服务
北京掌上通网络技术股份有限公司,北京市,720.03万,338.91万,2011-07-08,其他互联网服务,短信、机票
北京确安科技股份有限公司,北京市,7341.51万,443.93万,2011-07-28,集成电路制造,中测产品、成测产品、整包业务
北京航天宏达光电技术股份有限公司,北京市,398.48万,-85.33万,2011-08-30,其他未列明电气机械及器材制造,特种紫外光源、特种紫外光源电源、应用系统产品
北京赛德丽科技股份有限公司,北京市,7500.75万,-2575.09万,2011-10-19,建筑材料生产专用机械制造,设备及配件、化工材料、半成品、加工费、维修、设计安装调试服务、出口货物运保费
北京大津硅藻新材料股份有限公司,北京市,--,--,2011-11-02,其他建筑材料制造,硅藻泥产品、建筑材料施工
北京清北芯片新技术股份有限公司,北京市,2223.56万,12.17万,2011-11-08,计算机整机制造,汽车销售、咨询服务、技术服务、产品销售
北京九尊能源技术股份有限公司,北京市,--,--,2011-12-02,石油和天然气开采辅助活动,能源开采技术服务
北京科若思技术开发股份有限公司,北京市,0.0000,-407.84万,2011-12-27,其他未列明专业技术服务业,技术服务、商品销售、运输服务、租赁服务
北京天大清源通信科技股份有限公司,北京市,1.66亿,476.10万,2012-01-18,其他计算机制造,工程、服务
源和全三维能源股份有限公司,北京市,4141.91万,-131.45万,2012-01-18,工业自动控制系统装置制造,汽轮机节能改造、汽轮机组制造、汽轮机设计开发、技术服务、房屋租赁
北京合力思腾科技股份有限公司,北京市,4.30亿,129.20万,2012-02-03,信息系统集成服务,系统集成、技术服务、软件
北京爱特泰克技术股份公司,北京市,1.05亿,114.19万,2012-02-10,信息系统集成服务,系统集成与技术服务、信息化产品销售、房屋租赁
北京土星在线教育科技股份有限公司,北京市,--,--,2012-03-09,其他互联网服务,商品销售、技术推广、信息服务、保险经纪
北京精耕天下农业科技股份有限公司,北京市,900.29万,-833.19万,2012-03-12,有机肥料及微生物肥料制造,生物肥料、农药
北京中航讯科技股份有限公司,北京市,4099.65万,-5591.73万,2012-03-16,其他计算机制造,车载硬件产品、车载软件产品、技术开发、技术服务、广告服务
北京航峰科伟装备技术股份有限公司,北京市,5853.69万,1322.38万,2012-04-10,液压和气压动力机械及元件制造,传感器及机载成附件、仪器和检测服务、综合测试和过滤系统
北京弘祥隆生物技术股份有限公司,北京市,29.90万,-116.48万,2012-03-28,医疗诊断、监护及治疗设备制造,制药专用设备、超声提取技术
中交远洲信息技术(北京)股份有限公司,北京市,--,--,2012-04-18,软件开发,技术服务、软件开发、系统集成
北京永瀚星港生物科技股份有限公司,北京市,1.38万,-110.44万,2012-04-10,其他卫生活动,技术服务
北京中矿华沃科技股份有限公司,北京市,2565.04万,331.50万,2012-04-18,信息系统集成服务,露天矿卡车防撞系统、技术服务
北京鸿仪四方辐射技术股份有限公司,北京市,5489.67万,1545.96万,2012-04-18,其他未列明专业技术服务业,辐照
金润方舟科技股份有限公司,拉萨市,7097.19万,2533.30万,2012-04-27,软件开发,电子招投标系统开发
北京中控智联科技股份有限公司,北京市,114.81万,-53.50万,2012-05-18,其他计算机制造,软件服务、咨询服务、大宗商品
北京速原中天科技股份公司,北京市,397.63万,-985.80万,2012-06-08,医疗实验室及医用消毒设备和器具制造,超高压灭菌设备、维修配件及技术服务
北京汉唐自远技术股份有限公司,北京市,1616.64万,-404.24万,2012-06-08,信息系统集成服务,自研产品、技术服务
马氏兄弟科技(北京)股份有限公司,北京市,--,--,2012-06-27,其他清洁服务,有害生物防制、会议服务
英雄互娱科技股份有限公司,延安市,16.06亿,-15.08亿,2012-06-21,互联网信息服务,游戏发行、游戏研发、服务
卡联科技集团股份有限公司,北京市,36.64万,-4515.17万,2012-07-12,其他未列明信息技术服务业,研发运营、营销平台
北京伟利讯信息技术股份有限公司,北京市,273.51万,120.41万,2012-07-18,信息系统集成服务,销售项目、技术服务
北京三益能源环保发展股份有限公司,北京市,--,--,2012-09-05,工程管理服务,工程建造、销售设备、技术服务、销售生物天然气
北京金信润天信息技术股份有限公司,北京市,--,--,2012-09-21,信息系统集成服务,计算机信息系统集成、软件开发服务
武汉国电武仪电气股份有限公司,武汉市,6506.90万,1416.87万,2012-09-07,其他输配电及控制设备制造,电力故障录波分析装置、时间同步装置、智能变电站网络报文及故障录波记录分析系统
上海华岭集成电路技术股份有限公司,上海市,2.84亿,9012.24万,2012-09-07,集成电路制造,测试服务、测试部件销售、租赁
上海新眼光医疗器械股份有限公司,上海市,2.41亿,505.79万,2012-09-07,医疗诊断、监护及治疗设备制造,信息系统集成服务及软件销售服务、商品销售及服务
湖北武大有机硅新材料股份有限公司,武汉市,9048.82万,10.16万,2012-09-07,初级形态塑料及合成树脂制造,硅烷偶联剂、有机硅橡胶类、有机硅纳米防水剂、羟基硅油
北京煦联得节能科技股份有限公司,北京市,8534.60万,92.15万,2012-09-07,光伏设备及元器件制造,光水气多源互补节能生活热水系统、中央空调智控系统、建筑能源管理系统及服务、辐照供暖设备、节能设备、节能技术、节能服务
北京智立医学技术股份有限公司,北京市,4550.96万,-2158.26万,2012-09-17,软件开发,耗材、机器、软件
亚泰都会(北京)城市规划建筑园林设计研究院股份有限公司,北京市,--,--,2012-09-21,规划管理,设计服务
北京科能腾达信息技术股份有限公司,北京市,4.30亿,1722.17万,2012-09-28,软件开发,销售商品、技术服务
湖北江汉石油仪器仪表股份有限公司,武汉市,1.36亿,2147.75万,2012-10-12,地质勘探和地震专用仪器制造,指重表、钻井系列、高低压系列、测井、装置
北京思创银联科技股份有限公司,北京市,4.80亿,-4000.27万,2012-10-18,信息系统集成服务,成品油销售、电子银行网银机及其配套系统、创新互联网业务
北京中金网信科技股份有限公司,北京市,539.60万,-36.61万,2012-10-18,其他互联网服务,会员、会展、出口、内销
北京康辰亚奥技术股份有限公司,北京市,--,--,2012-10-25,软件开发,网络通信系统、数字视频、技术服务
上海科曼车辆部件系统股份有限公司,上海市,3.22亿,-1052.03万,2012-10-26,汽车零部件及配件制造,大型客车空气悬架平台、中型客车空气悬架、平台、载重汽车空气悬架平台、半挂车空气悬架平台、轻型客车空气悬架平台、配件、延保
腾龙电子技术(上海)股份有限公司,上海市,1413.19万,-741.44万,2012-10-29,软件开发,超高清4K/8K数字电视中间件及嵌入式软件产品、智能终端嵌入式软件、软件开发服务节能系统智慧城市
北京北方科诚信息技术股份有限公司,北京市,4018.47万,685.03万,2012-11-08,软件开发,技术服务
天津创世生态景观建设股份有限公司,天津市,9144.24万,-9401.79万,2012-11-09,其他土木工程建筑,工程施工、花卉销售、园林设计、租金
天津三泰晟驰科技股份有限公司,天津市,2164.85万,346.70万,2012-11-07,软件开发,高温工业电视系统、高温工业电视系统备品备件、技术
武汉光谷信息技术股份有限公司,武汉市,3.27亿,3098.50万,2012-11-06,信息系统集成服务,时空数据服务、系统集成及服务、应用开发及服务
北京合创三众能源科技股份有限公司,北京市,5840.28万,-1235.21万,2012-11-16,管道和设备安装,工程项目、合同能源管理、供热特许经营服务、运营服务、节能服务
大医科技股份有限公司,北京市,1.27亿,1064.77万,2012-11-06,互联网信息服务,体检服务、体测服务、健康管理服务
光宝联合(北京)科技股份有限公司,北京市,2.55亿,2799.06万,2012-11-13,其他电信服务,物联网及物联网健康应用、电信增值服务
北京四利通控制技术股份有限公司,北京市,263.27万,-1198.93万,2012-11-26,石油钻采专用设备制造,成套项目、备件销售、技术服务
北京博维仕科技股份有限公司,北京市,7938.44万,506.54万,2012-12-06,信息系统集成服务,系统集成、备品备件及维保
融智通科技(北京)股份有限公司,北京市,--,--,2012-11-30,软件开发,智能通信产品和解决方案
金易通科技(北京)股份有限公司,北京市,512.54万,-661.47万,2012-12-12,矿山机械制造,煤炭洗选设备
北京电信易通信息技术股份有限公司,北京市,3.50亿,1158.98万,2012-12-05,互联网信息服务,行业应用、系统集成、技术服务
北京瑞达恩科技股份有限公司,北京市,1488.68万,-164.60万,2012-12-07,雷达及配套设备制造,反无人机系统、技术服务、租赁
深圳狮子城文化股份有限公司,汕头市,3014.79万,-5497.43万,2012-12-06,汽车零售,文化、服务类、租赁费
北京沃捷文化传媒股份有限公司,北京市,10.70亿,457.69万,2012-12-18,广告业,广告发布制作
上海科新生物技术股份有限公司,上海市,--,--,2012-12-26,生物药品制造,诊断试剂自产产品、诊断检测服务、诊断试剂外购产品、五官科清洗仪
北京中教启星科技股份有限公司,北京市,6132.07万,-5393.45万,2012-12-18,软件开发,现代教育装备、教育信息化、校外科技教育
点点客信息技术股份有限公司,上海市,744.55万,-394.24万,2012-12-18,软件开发,移动电商工具
上海白虹软件科技股份有限公司,上海市,--,--,2012-12-25,软件开发,网络安全软件
上海宇昂水性新材料科技股份有限公司,上海市,1.63亿,339.85万,2012-12-20,化学药品原料药制造,均聚PVP系列、与PVP联用产品
北京东方瑞威科技发展股份有限公司,北京市,6223.85万,676.16万,2012-12-21,衡器制造,超偏载检测系统、轨道衡计量系统、配件销售、技术服务
北京全网数商科技股份有限公司,北京市,1.30亿,-236.53万,2012-12-21,软件开发,软件产品、技术服务、系统集成
北方跃龙科技(北京)股份有限公司,北京市,104.54万,-226.63万,2012-12-26,信息系统集成服务,商品销售、技术服务、备件销售
北京华芯数据科技股份有限公司,北京市,444.67万,-20.61万,2012-12-28,工业自动控制系统装置制造,技术服务
北京国承瑞泰科技股份有限公司,北京市,157.73万,-1427.16万,2012-12-20,工程管理服务,商品销售
北京奥贝克电子股份有限公司,北京市,768.11万,35.35万,2012-12-25,集成电路设计,集成电路
北京摩点文娱科技股份有限公司,北京市,--,--,2012-12-24,照明灯具制造,营销咨询、项目投资、咨询顾问
北京新瑞理想软件股份有限公司,北京市,3529.22万,179.63万,2012-12-21,软件开发,软件技术开发及销售、环卫信息化服务
北京波尔通信技术股份有限公司,北京市,1.07亿,562.78万,2012-12-26,软件开发,集成产品、软件产品、技术服务、技术开发、硬件产品
微传播(北京)网络科技股份有限公司,北京市,2.35亿,-1.04亿,2012-12-26,软件开发,信息技术服务、短视频
北京欧泰克能源环保工程技术股份有限公司,北京市,--,--,2012-12-26,环境保护专用设备制造,污水处理
津伦(天津)精密机械股份有限公司,天津市,2158.01万,72.68万,2012-12-26,其他专用设备制造,设备制造、浸渗加工、机械加工、售后及维修
武汉微创光电股份有限公司,武汉市,1.54亿,4204.58万,2020-07-27,应用电视设备及其他广播电视设备制造,视频监控平台软件及解决方案
北京了望投资顾问股份有限公司,北京市,--,--,2012-12-31,社会经济咨询,公关传播、整合营销传播、新媒体运营、创意策划
武汉时代地智科技股份有限公司,武汉市,5052.71万,1350.54万,2012-12-31,软件开发,自主软件产品、技术开发收入、技术服务、硬件设备销售
北京腾实信科技股份有限公司,北京市,--,--,2012-12-28,信息系统集成服务,应用软件运维服务、软硬件产品销售
兴和鹏能源技术(北京)股份有限公司,北京市,659.55万,-800.40万,2012-12-31,石油和天然气开采辅助活动,能源开发技术服务业
北京石竹科技股份有限公司,北京市,2706.50万,569.82万,2012-12-28,软件开发,集成商品、自研产品、商品销售
武汉威明德科技股份有限公司,武汉市,--,--,2012-12-28,液压和气压动力机械及元件制造,电液自控系统成套设备、房租
北京优炫软件股份有限公司,北京市,5.39亿,-1.15亿,2013-01-29,软件开发,数据库及生态应用产品、安全产品
北京康孚科技股份有限公司,北京市,8384.48万,116.61万,2013-01-22,制冷、空调设备制造,能源管控系统、动力自控系统、空调机组销售及安装调试等伴随服务、技术服务
丰电科技集团股份有限公司,北京市,2.97亿,1280.17万,2013-01-30,工程和技术研究和试验发展,智慧压缩空气系统、压缩空气能源供应、工艺气体压缩机业务、工程施工及技术服务业务、租赁业务
北京乐升科技股份有限公司,北京市,--,--,2013-05-17,数字内容服务,技术开发及服务
上海建中医疗器械包装股份有限公司,上海市,2.30亿,924.12万,2013-05-17,其他塑料制品制造,医用纸塑袋、医用纸纸袋、医用塑料袋、医用铝箔袋、医用辅助产品、口腔事业部、医用半成品材料、医疗防疫类物资、医疗器械、房屋租聘
北京必可测科技股份有限公司,北京市,8351.94万,977.74万,2013-05-16,其他机械设备及电子产品批发,智能电厂管控体系产品、技术服务、零售
上海风格信息技术股份有限公司,上海市,5.36万,-3178.15万,2013-05-17,互联网信息服务,游戏业务
深圳掌众智能科技股份有限公司,深圳市,3.75亿,-2085.92万,2013-05-17,广告业,移动整合营销业务个性化服务、移动整合营销标准化服务、移动广告程序化交易业务
一鑫达(天津)科技股份有限公司,天津市,554.70万,-487.64万,2013-05-16,软件开发,商品销售收入
北京拓川科研设备股份有限公司,北京市,5297.71万,367.16万,2013-05-17,试验机制造,催化剂评价装置、固定床评价装置、加氢评价装置、中试试验评价装置
天津迈达医学科技股份有限公司,天津市,8165.53万,2239.17万,2013-07-02,医疗诊断、监护及治疗设备制造,眼科设备及专业超声设备、其他医疗设备
武汉风帆电化科技股份有限公司,武汉市,1.05亿,647.92万,2013-07-02,化学试剂和助剂制造,防护性电镀工艺产品、装饰性电镀工艺产品、功能性电镀工艺产品、外购商品销售
武汉Z泓科技股份有限公司,武汉市,3.12亿,4388.20万,2013-07-02,生物药品制造,体外诊断试剂、体外诊断仪器、医学影像、药房药品
武汉亿童文教股份有限公司,武汉市,6.11亿,6321.84万,2013-07-02,图书出版,图书材料、玩教具装备
北京网动网络科技股份有限公司,北京市,4406.25万,1025.29万,2013-07-03,数据处理和存储服务,云视讯服务、云视讯产品销售
上海伊禾农产品科技发展股份有限公司,上海市,19.57亿,3210.17万,2013-07-05,蔬菜种植,生鲜、水果、蔬菜、运费
北京奥凯立科技发展股份有限公司,北京市,1.92亿,1313.81万,2013-07-05,化学试剂和助剂制造,固井、钻井
天津市天科数创科技股份有限公司,天津市,3.24亿,90.14万,2013-07-01,信息系统集成服务,建筑智能化工程设计与施工业、软件开发与技术服务
上海绿岸网络科技股份有限公司,上海市,2.81亿,3972.02万,2013-07-05,互联网信息服务,网络游戏、受托开发软件、租赁
上海翼捷工业安全设备股份有限公司,上海市,--,--,2013-07-02,环境监测专用仪器仪表制造,智能传感器、智能仪器仪表、报警控制系统及配套
北京典雅天地文化传播股份有限公司,北京市,4.65万,-183.75万,2013-07-03,电影和影视节目制作,会议服务
创新美兰(合肥)股份有限公司,合肥市,2.13亿,2904.55万,2013-07-02,生物化学农药及微生物农药制造,农药制剂类、技术开发与服务、有机肥类
上海普华科技发展股份有限公司,上海市,1.63亿,3742.28万,2013-07-04,软件开发,软件销售、软件服务
北京信诺达泰思特科技股份有限公司,北京市,1556.32万,-1009.18万,2013-07-05,集成电路制造,服务
北京随视传媒科技股份有限公司,北京市,521.06万,-303.24万,2013-07-04,广告业,展示性广告、技术性服务、电商销售
武汉威林科技股份有限公司,武汉市,1.36亿,514.84万,2013-07-02,耐火陶瓷制品及其他耐火材料制造,一、产品直销模式、定型耐火制品、节能耐热构件、热工设备在线维护、二、整体承包经营模式
北京蓝贝望生物医药科技股份有限公司,北京市,--,--,2013-07-05,医学研究和试验发展,医药产品技术研发、技术转让、相关技术服务、化工产品
武汉颂大教育科技股份有限公司,武汉市,1.37亿,282.04万,2013-07-02,互联网信息服务,教育软件系统、软件开发及技术服务、基础教育信息化环境建设服务、学前教育服务
北京时代星盟科技股份有限公司,北京市,239.39万,415.83万,2013-07-23,计算机、软件及辅助设备批发,软硬件产品贸易、系统集成、推广服务、技术服务
北京金日创科技股份有限公司,北京市,1.31亿,284.48万,2013-07-22,玻璃、陶瓷和搪瓷制品生产专用设备制造,OEM销售、商品销售、成套产品销售、技术服务类产品
北京慧峰仁和科技股份有限公司,北京市,8727.05万,195.28万,2013-07-22,其他家用电力器具制造,余热利用类产品
北京智网科技股份有限公司,北京市,523.38万,24.80万,2013-07-18,软件开发,系统集成及技术服务项目销售、应急容灾备份系统销售、硬件销售
天津光电高斯通信工程技术股份有限公司,天津市,1.06亿,-994.80万,2013-07-24,软件开发,超限检测及装载状态监测系统、货物运输安全监控系统、货车装载视频监控系统、货检安全三级联网、铁路接发列车安全预警系统、智能货检安全监控与管理系统
武汉联宇技术股份有限公司,武汉市,782.28万,-248.99万,2013-07-23,软件开发,系统集成、技术服务、房屋出租
北京兴竹同智信息技术股份有限公司,北京市,1.24亿,1226.62万,2013-07-23,软件开发,自主软件销售、商品销售、信息管理系统实施项目、信息管理系统运行维护
北京深中幼国际教育科技股份有限公司,北京市,--,--,2013-07-18,软件开发,仿真培训软件、CAI教学软件、硬件
天津成科传动机电技术股份有限公司,天津市,1.34亿,2174.71万,2013-07-23,连续搬运设备制造,散货输送设备、安全生产保护设备、散货物流环保设备
上海易同科技股份有限公司,上海市,1.29亿,1053.96万,2013-07-25,信息系统集成服务,系统集成服务、系统集成软硬件销售、质量特性、测量相关产品
布雷尔利(保定)金属家居用品股份有限公司,保定市,--,--,2013-07-22,金属家具制造,金属家居用品
北京神州云动科技股份有限公司,北京市,--,--,2013-07-18,数据处理和存储服务,云计算平台、软件服务
北京蓝天瑞德环保技术股份有限公司,北京市,1.50亿,-1189.49万,2013-07-22,热力生产和供应,供热产品、建安产品、销售产品、服务产品
武汉中舟环保设备股份有限公司,武汉市,1744.21万,35.92万,2013-07-19,船用配套设备制造,船舶配套设备销售、销售配件、技术咨询、租金
武汉联动设计股份有限公司,武汉市,5.02亿,4540.14万,2013-07-23,工程勘察设计,工程设计业务、咨询类业务、EPC业务
北京盛世光明量子科技股份有限公司,北京市,--,--,2013-07-18,软件开发,网路神警上网行为监管系统、家庭版网路神警家庭上网小卫士、教育信息化建设管理平台、教育办公自动化平台、土地税源宗地管理系统、税源管理控制平台、网络运维管理系统
北京恒信启华信息技术股份有限公司,北京市,5980.21万,-726.72万,2013-07-23,软件开发,软件开发、商品销售
上海新网程信息技术股份有限公司,上海市,2622.80万,148.45万,2013-07-23,软件开发,软件产品 、技术服务 、项目运营
天津瑞灵石油设备股份有限公司,天津市,8101.19万,553.38万,2013-08-06,石油钻采专用设备制造,电控设备、技术服务、备件销售、顶驱
世富光伏宝(上海)环保科技股份有限公司,上海市,--,--,2013-08-08,节能技术推广服务,分布式能源与建筑光伏应用服务
上海永天科技股份有限公司,上海市,1.18亿,408.21万,2013-08-08,互联网接入及相关服务,楼宇通信解决方案、智能楼宇方案系统集成
天津重钢机械装备股份有限公司,天津市,3.01亿,2723.59万,2013-08-08,连续搬运设备制造,机械装备制造、高端钢制品
上海晟矽微电子股份有限公司,上海市,3.92亿,1.21亿,2013-08-08,集成电路制造,集成电路
北京圣商教育科技股份有限公司,北京市,--,--,2013-08-08,饲料加工,企业管理咨询、教育咨询
武汉华安科技股份有限公司,武汉市,--,--,2013-08-05,通信系统设备制造,记录仪、3G单兵、UHF应急指挥系统及智能交互终端系统、法院执行指挥系统、电缆、安防、开发服务
北京能为科技股份有限公司,北京市,2459.85万,247.30万,2013-08-07,其他污染治理,智能电厂综合解决方案、电除尘综合解决方案、电站锅炉燃烧综合精确管理系统、输煤系统环境治理解决方案、电厂脱硫废水负压低温浓缩技术
上海土友生物科技股份有限公司,上海市,2555.25万,-474.25万,2013-08-07,广告业,水污染治理系统工程
武汉景弘生态环境股份有限公司,武汉市,8121.47万,-2067.28万,2013-08-08,其他未列明专业技术服务业,建安、技术服务、运营
北京科胜伟达石油科技股份有限公司,北京市,1629.81万,114.77万,2013-08-08,石油和天然气开采辅助活动,技术服务、软件销售
北京锐创信通科技股份有限公司,北京市,319.63万,-229.30万,2013-08-08,软件开发,软件、硬件、技术开发技术服务
上海东岩机械股份有限公司,上海市,3.49亿,2612.63万,2013-08-08,有色金属铸造,铸件系列、汽车配件（三滤）、焊接产品
北京京鹏环宇畜牧科技股份有限公司,北京市,--,--,2013-08-07,畜牧机械制造,畜牧工程与装备
北京泓淇科技股份有限公司,北京市,1182.85万,379.01万,2013-08-08,软件开发,软件销售及服务、硬件销售
北京华索科技股份有限公司,北京市,3590.78万,710.24万,2013-08-08,工业自动控制系统装置制造,工业自动化仪器仪表销售、工业自动化系统集成销售、合同能源管理
北京和隆优化科技股份有限公司,北京市,7401.63万,2095.33万,2013-08-05,软件开发,智能优化产品与服务、仿真、信息化技术服务
北京威控科技股份有限公司,北京市,7570.10万,81.39万,2013-08-02,工业自动控制系统装置制造,智能硬件、技术服务费
上海奉天电子股份有限公司,上海市,4.83亿,4742.51万,2013-08-08,汽车零部件及配件制造,车载逆变器、车载DC-DC转换器、车载USB、高压水加热器、空调控制器、车载充电机
北京平安力合科技发展股份有限公司,北京市,4414.55万,-763.77万,2013-08-08,其他计算机制造,排队机及广告机、显示屏、设备租赁、技术服务
上海辰光医疗科技股份有限公司,上海市,1.96亿,2334.41万,2013-08-15,医疗诊断、监护及治疗设备制造,射频探测器、超导磁体、梯度
北京倚天凌云科技股份有限公司,北京市,2.15亿,442.97万,2013-08-13,云母制品制造,云母纸、云母带、阻燃带、外购线缆产品
北京深度量化机器人科技股份有限公司,北京市,--,--,2013-08-09,软件开发,软件开发
北京每日视界影视动画股份有限公司,北京市,1064.40万,-443.39万,2013-08-09,电视,动画长短片制作、影视特效内容制作、影视广告内容制作
北京维珍创意科技股份有限公司,北京市,238.48万,2894.90万,2013-08-16,软件开发,销售产品、销售软件、技术服务
北京达美盛软件股份有限公司,北京市,--,--,2013-08-12,软件开发,软件、技术服务
北京北化新橡特种材料科技股份有限公司,北京市,1.36亿,463.86万,2013-08-08,合成橡胶制造,混炼胶、功能性橡胶、热塑性弹性体TPV、无卤阻燃电缆料、石墨粉
上海巨灵信息技术股份有限公司,上海市,5710.97万,282.76万,2013-08-29,软件开发,智能制造、软件及服务、系统集成
上海四维文化传媒股份有限公司,上海市,8.23亿,4459.28万,2013-10-16,其他出版业,数字出版、租赁、服务
上海欧萨评价咨询股份有限公司,上海市,9751.92万,-619.52万,2013-10-16,环境保护监测,检测费、评价费、咨询费、设备及软件销售、数据服务费、节能技术服务费
武汉江扬环境科技股份有限公司,武汉市,2.42亿,3004.73万,2013-10-16,水污染治理,水处理设备、水环境工程
北京博德世达石油技术股份有限公司,北京市,5688.81万,843.15万,2013-10-16,石油和天然气开采辅助活动,油田测井技术服务、完井工具产品销售、技术开发与服务
智合新天(北京)传媒广告股份有限公司,北京市,1504.37万,10.57万,2013-10-16,广告业,户外媒体
北京世贸天阶生物科技股份有限公司,北京市,0.0000,-5018.51万,2013-10-16,化学药品制剂制造,片剂、胶囊
上海致远绿色能源股份有限公司,上海市,2.04亿,3155.11万,2013-10-18,其他原动设备制造,分布式新能源发电系统、通信基站新能源供、电系统
北京精英智通科技股份有限公司,北京市,9381.29万,-1315.98万,2013-10-16,软件开发,智能驾考产品、智慧驾培及智能交通产品、停车、技术服务及零配件销售
武汉希文科技股份有限公司,武汉市,3084.66万,370.19万,2013-10-22,其他输配电及控制设备制造,辅控系统、变电站自动化、调度自动化、环境控制系统
北京锦鸿希电信息技术股份有限公司,北京市,1.12亿,-174.08万,2013-10-16,通信系统设备制造,列控、列调、维保、监控
北京捷世智通科技股份有限公司,北京市,2.07亿,434.08万,2013-10-16,计算机整机制造,嵌入式计算机及国产芯片、监控系统及流量计
天津开发区中环系统电子工程股份有限公司,天津市,3651.35万,72.30万,2013-10-16,信息系统集成服务,维修、维护、智能物流通道系统、物流链货物查验系统、移动式单兵物流监管取证系统、建筑智能化
普康迪(北京)数码科技股份有限公司,北京市,337.49万,-571.09万,2013-10-23,信息系统集成服务,特种行业管理信息产品及服务、警务办公用信息产品及服务、预付式消费监管信息产品及服务
上海科洋科技股份有限公司,上海市,1.04亿,1472.19万,2013-11-06,供应用仪表及其他通用仪器制造,流量仪表、硫化氢项目
华韩医疗科学技术股份有限公司,南京市,9.63亿,1.02亿,2013-11-06,专科医院,整形科、皮肤科、牙科
天津皇冠幕墙装饰股份有限公司,天津市,2.22亿,885.10万,2013-11-06,金属门窗制造,门窗
北京朗威视讯科技股份有限公司,北京市,1024.19万,-279.10万,2013-11-08,广播电视节目制作及发射设备制造,传输系列产品、演播室产品、大型活动转播技术服务
上海银音信息科技股份有限公司,上海市,1.13亿,-3869.90万,2013-11-08,信息系统集成服务,货物销售、维护服务、设计施工
北京中搜网络技术股份有限公司,北京市,--,--,2013-11-08,互联网信息服务,第三代搜索、互联网解决方案服务、企悦、云悦
北京呈创科技股份有限公司,北京市,2.43亿,2046.40万,2013-11-06,信息系统集成服务,硬件、系统集成、服务、软著转让
优网科技(上海)股份有限公司,上海市,168.79万,-236.06万,2013-11-08,数据处理和存储服务,自有产品、第三方产品
上海鼎晖科技股份有限公司,上海市,1.03亿,153.88万,2013-11-15,光电子器件及其他电子器件制造,LED灯具产品、LED零件产品、房租
哇棒移动传媒股份有限公司,拉萨市,13.54亿,898.61万,2013-12-04,广告业,信息服务、广告代理、技术服务、服务费
武汉地大信息工程股份有限公司,武汉市,--,--,2013-11-13,软件开发,灾害监测与应急、GIS、物联网和无人机相关业务、地质信息化
武汉万德智新科技股份有限公司,武汉市,5113.77万,13.39万,2013-11-15,其他互联网服务,智慧校园、智慧园区、智慧政务
爱科凯能科技(北京)股份有限公司,北京市,2718.76万,-388.42万,2013-11-15,医疗、外科及兽医用器械制造,钬激光治疗机、配件
上海百傲科技股份有限公司,上海市,1.06亿,-2909.96万,2013-11-13,生物药品制造,试剂类、设备类、服务类
上海雷腾软件股份有限公司,上海市,1.45亿,1974.30万,2013-12-10,软件开发,车联网业务
上海基美影业股份有限公司,上海市,689.87万,-2767.98万,2013-12-10,电影和影视节目发行,宣传发行服务、版权
武汉同济现代医药科技股份有限公司,武汉市,3.59亿,727.26万,2013-12-20,化学药品制剂制造,西药、中成药、生物制品、医疗器械、经营租赁与服务、保健食品、原料药
北京世纪竹邦能源技术股份有限公司,北京市,--,--,2013-12-25,节能技术推广服务,节能服务、水电表项目销售
北京聚链时代科技集团股份有限公司,北京市,740.05万,-131.81万,2013-12-24,其他计算机制造,区块链应用技术、应税服务
东电创新(北京)科技发展股份有限公司,北京市,2561.39万,-1487.09万,2013-12-26,信息系统集成服务,集成服务、家庭/soho、安装服务、硬件、咨询服务
上海上电电机股份有限公司,上海市,1.87亿,708.16万,2013-12-23,电动机制造,大中型电机产成品、小型电机产成品、备件及修理
北京金天地影视文化股份有限公司,北京市,558.32万,-4824.04万,2014-01-24,电影和影视节目发行,影视剧销售
北京力码科信息技术股份有限公司,北京市,8518.37万,256.81万,2014-01-24,计算机外围设备制造,线缆标识设备、条码标签打印机、耗材、光学产品、软件
上海明波通信技术股份有限公司,上海市,7091.47万,1130.42万,2014-01-24,集成电路设计,集成电路设计服务、汽车电子产品及相关解决方案、计算机测试仪及相关附件产品
贵州威门药业股份有限公司,贵阳市,4.86亿,3880.94万,2014-01-24,中成药生产,热淋清颗粒
谢裕大茶叶股份有限公司,黄山市,2.16亿,914.36万,2014-01-24,茶及其他饮料作物种植,绿茶、红茶、花茶
安徽泰达新材料股份有限公司,黄山市,2.82亿,6517.48万,2014-01-24,有机化学原料制造,三甲酸及酸酐
北京英富森软件股份有限公司,北京市,--,--,2014-01-24,软件开发,信息管理、信息服务类产品
北京星立方科技发展股份有限公司,北京市,8390.31万,646.58万,2014-01-24,软件开发,软件销售、硬件销售、软件开发及服务业务
东亚装饰股份有限公司,青岛市,11.87亿,3048.99万,2014-01-24,建筑装饰业,建筑装饰、设计服务
深圳市海格物流股份有限公司,深圳市,10.85亿,2277.45万,2014-01-24,货物运输代理,运输、代理
上海昂盛智能工程股份有限公司,上海市,4353.18万,10.41万,2014-01-24,通讯及广播电视设备批发,硬件销售、系统集成销售、系统安装调试服务、咨询技术服、务
陕西成明节能技术股份有限公司,西安市,704.98万,-942.53万,2014-01-24,节能技术推广服务,工程施工、高新技术产品销售、技术服务
上海金政科技股份有限公司,上海市,1026.11万,-417.88万,2014-01-24,电动机制造,信息技术服务
深圳市大族元亨光电股份有限公司,深圳市,4.15亿,2968.07万,2014-01-24,光电子器件及其他电子器件制造,LED显示屏、LED交通屏、LED照明产品、LED售后维修
江苏红豆杉健康科技股份有限公司,无锡市,--,--,2014-01-24,其他园艺作物种植,红豆杉、药品、保健产品及酒类、绿化工程、服装
浙江中一检测研究院股份有限公司,宁波市,1.74亿,2415.55万,2014-01-24,环境保护监测,环境检测、健康与职业病体检、安全评价
大禹电气科技股份有限公司,孝感市,--,--,2014-01-24,变压器、整流器和电感器制造,软起动（含补偿）类、高低压变频调速类、开关配电柜成套类
西安旌旗电子股份有限公司,西安市,1.33亿,-1857.35万,2014-01-24,供应用仪表及其他通用仪器制造,水表、电表、热量表、燃气表
苏州苏大明世光学股份有限公司,苏州市,341.50万,-57.09万,2014-01-24,模具制造,非球面镜类
湖北中科网络科技股份有限公司,武汉市,--,--,2014-01-24,信息系统集成服务,建筑智能化、销售货物、服务业
郑州万特电气股份有限公司,郑州市,1.17亿,2511.03万,2014-01-24,电工仪器仪表制造,电力模拟仿真培训设备、电测仪器仪表、电力智能安全体感设备、特种作业实训考核系统、技术服务
湖南斯派克科技股份有限公司,长沙市,1.62亿,789.37万,2014-01-24,化学试剂和助剂制造,医药中间体、农药中间体
昆山三景科技股份有限公司,苏州市,4.16亿,826.85万,2014-01-24,光电子器件及其他电子器件制造,精密模具产品、金属加工、光学新材料产品
伯朗特机器人股份有限公司,东莞市,5.57亿,7509.07万,2014-01-24,其他金属加工机械制造,工业机器人、机械手、核心零部件、零件及其他
青岛奥盖克化工股份有限公司,青岛市,1.85亿,-171.94万,2014-01-24,染料制造,间双、溴氨酸、氢氧化镁、硫酸镁、间脲、间酸、活性镁肥、无水硫酸镁、溴化钠
哈尔滨亿汇达电气科技发展股份有限公司,哈尔滨市,358.58万,-4645.23万,2014-01-24,配电开关控制设备制造,35KV以下成套/单元配电及控制设备
无锡金帆钻凿设备股份有限公司,无锡市,1855.87万,-36.61万,2014-01-24,地质勘查专用设备制造,YG系列钻机、YGL履带系列钻机、MG50旋喷钻机、YDX岩心系列钻机、YGL声波钻机、跟管钻具和钻套管、维修费、YGC车载钻机
安徽励图信息科技股份有限公司,合肥市,3393.96万,69.34万,2014-01-24,有线广播电视传输服务,硬件、软件、工程
苏州声威电声股份有限公司,苏州市,--,--,2014-01-24,广播电视接收设备及器材制造,扬声器、原材料、房屋出租
武汉英思工程科技股份有限公司,武汉市,3550.97万,93.77万,2014-01-24,信息系统集成服务,CES-工程综合数据采集与分析系、PMS-工程管理信息系统及其服务项目、IOT―系统集成及其系统维护项目、SIM-工程多、媒体及其服务项目
苏州星火环境净化股份有限公司,苏州市,2531.21万,2292.76万,2014-01-24,危险废物治理,废液处置、固液混合处置、回收利用材料销售
广东奥美格传导科技股份有限公司,东莞市,--,--,2014-01-24,电线、电缆制造,传统线材（电梯及机械设备电缆）、新能源高压线、新能源交直流充电线缆
上海长合信息技术股份有限公司,上海市,--,--,2014-01-24,信息系统集成服务,光传输系统、数据网络系统、公务、调度电话系统
帝信科技股份有限公司,沈阳市,1.97亿,1526.07万,2014-01-24,信息系统集成服务,代理产品、系统集成产品、技术服务
厦门市天泉鑫膜科技股份有限公司,厦门市,805.17万,-159.07万,2014-01-24,气体、液体分离及纯净设备制造,膜分离系统、备品备件、项目运营、加工、设备出租、厂房出租、废品
济南微纳颗粒仪器股份有限公司,济南市,1704.02万,566.25万,2014-01-24,实验分析仪器制造,激光粒度仪、光子相关激光粒度仪、图像分析仪
北京中电方大科技股份有限公司,北京市,--,--,2014-01-24,信息技术咨询服务,技术开发、技术培训、技术服务、软件产品
天津晓沃环保工程股份公司,天津市,2423.29万,-1547.76万,2014-01-24,其他未列明建筑业,运营、商品、工程
湖南V辉科技股份有限公司,长沙市,--,--,2014-01-24,工业自动控制系统装置制造,工业自动化行业的系统集成业务、产品分销业务
苏州三光科技股份有限公司,苏州市,1.32亿,1493.45万,2014-01-24,金属切削机床制造,机床产品、外加工产品
北京地林伟业科技股份有限公司,北京市,--,--,2014-01-24,软件开发,技术开发、技术服务、商品销售、软件销售
苏州轴承厂股份有限公司,苏州市,5.32亿,6318.44万,2020-07-27,轴承制造,轴承产品、滚动体
上海易城工程顾问股份有限公司,上海市,5121.75万,-2070.30万,2014-01-24,规划管理,设计服务
上海华之邦科技股份有限公司,上海市,--,--,2014-01-24,锅炉及辅助设备制造,低氮燃烧器、脱硫脱硝
上海永继电气股份有限公司,上海市,4.66亿,1078.34万,2014-01-24,电力电子元器件制造,小型断路器、漏电断路器、智能继电器、隔离开关
宁波宁变电力科技股份有限公司,宁波市,6322.96万,1079.74万,2014-01-24,变压器、整流器和电感器制造,变压器、电抗器、相关材料、劳务
北京联合创业环保工程股份有限公司,北京市,--,--,2014-01-24,污水处理及其再生利用,水处理、固废热解、沼气、除臭
成都乐创自动化技术股份有限公司,成都市,1.03亿,3314.41万,2014-01-24,工业自动控制系统装置制造,点胶控制系统、通用运动控制器、驱动器
四川长城软件科技股份有限公司,成都市,801.51万,-483.04万,2014-01-24,软件开发,移动终端应用、技术开发服务
上海飞田通信股份有限公司,上海市,1880.22万,-884.45万,2014-01-24,信息系统集成服务,运营维护、硬件销售、软件销售
陕西瑞科新材料股份有限公司,宝鸡市,11.86亿,6575.67万,2014-01-24,化学试剂和助剂制造,贵金属催化剂、贵金属催化剂循环加工服务
广州星业科技股份有限公司,广州市,2.02亿,1165.53万,2014-01-24,专项化学用品制造,表面活性剂、洗涤增效剂
苏州普滤得净化股份有限公司,苏州市,518.61万,-1633.44万,2014-01-24,水资源专用机械制造,水净化处理系统、直饮水设备、纤维布质风管、技术服务
苏州方林科技股份有限公司,苏州市,6.81亿,4791.72万,2014-01-24,锂离子电池制造,消费电子类锂电池组件、动力及储能类锂电池组件、手机配件
深圳市万泉河科技股份有限公司,深圳市,1.64亿,35.80万,2014-01-24,互联网信息服务,建筑业信息服务、汽车业信息服务、医疗业信息服务、印刷业信息服务、BPO业务
上海数聚软件系统股份有限公司,上海市,1.12亿,916.86万,2014-01-24,软件开发,技术开发及服务、软件销售
广东达元绿洲食品安全科技股份有限公司,广州市,9642.12万,-2978.15万,2014-01-24,质检技术服务,食安智能化快检仪器（含软件）、互联网+第三方检测服务、食安快检试剂
星弧涂层新材料科技(苏州)股份有限公司,苏州市,--,--,2014-01-24,金属表面处理及热处理加工,涂层加工、涂层设备、等离子体设备、残靶
上海亚杜润滑材料股份有限公司,上海市,3051.62万,299.24万,2014-01-24,原油加工及石油制品制造,自有品牌润滑油脂
广东松本绿色新材股份有限公司,江门市,7153.33万,-4044.77万,2014-01-24,轻质建筑材料制造,硅酸钙类防火装修材料、多功能装饰水泥制品、天然无机生态板、建筑隔墙用轻质条板、装配式多功能复合墙、一体化成品墙
英极软件(大连)股份有限公司,大连市,1.42亿,-550.80万,2014-01-24,软件开发,建材、机械、贸易
无锡华昊电器股份有限公司,无锡市,2.28亿,2387.24万,2014-01-24,电线、电缆制造,电线、线束
北京将至信息科技发展股份有限公司,北京市,9523.58万,123.65万,2014-01-24,书、报刊印刷,广告推广、游戏运营
武汉三灵科技产业股份有限公司,武汉市,--,--,2014-01-24,化学试剂和助剂制造,试样制备耗材与仪器
湖南广信科技股份有限公司,邵阳市,--,--,2014-01-24,绝缘制品制造,电绝缘材料、电绝缘成型件
重庆和航科技股份有限公司,重庆市,1202.85万,-661.14万,2014-01-24,信息系统集成服务,商品销售、技术服务、技术开发
深圳市万人市场调查股份有限公司,深圳市,3085.46万,-518.47万,2014-01-24,市场调查,市场调查、贸易
西安汇龙科技股份有限公司,西安市,9078.65万,-4048.97万,2014-01-24,移动电信服务,移动通信工程安装及维护、移动通信网络优化、通讯软件服务
大连恒锐科技股份有限公司,大连市,3552.41万,-171.06万,2014-01-24,软件开发,足迹采集和识别系列产品、图像处理产品、鞋样本信息收集与管理服务
东莞市百大新能源股份有限公司,东莞市,--,--,2014-01-24,非金属废料和碎屑加工处理,合同能源管理、生物质颗粒燃料、过滤器、生物质气化装置、生物质炭
杭州德联科技股份有限公司,杭州市,8173.68万,3.96亿,2014-01-24,信息系统集成服务,热能设备及控制系统、工业自动化设备及系统、扬尘及噪音监测设备、能源运营及管理服务、物联网及软件技术服务
浙江三网科技股份有限公司,杭州市,3845.55万,-400.64万,2014-01-24,互联网接入及相关服务,技术服务劳务类、一般货物及劳务、即征即退货物及劳务
大连陆海科技股份有限公司,大连市,7895.21万,23.58万,2014-01-24,信息系统集成服务,软件集成、服务、船舶通信导航系统集成
华艺生态园林股份有限公司,合肥市,7.73亿,4485.97万,2014-01-24,其他土木工程建筑,苗木销售、设计服务、生态环境治理、养护服务、园林景观
苏州太湖电工新材料股份有限公司,苏州市,5.18亿,4031.01万,2014-01-24,涂料制造,绝缘漆、表面漆、线圈、柔软复合材料
南京奥视威电子科技股份有限公司,南京市,1.98亿,933.59万,2014-01-24,光电子器件及其他电子器件制造,广电前端产品、广电中后端产品
树业环保科技股份有限公司,汕头市,8.39亿,2524.96万,2014-01-24,非金属废料和碎屑加工处理,包装产品、聚酯产品
广西春茂投资股份有限公司,玉林市,8.51亿,762.71万,2014-01-24,鸡的饲养,猪、鸡、饲料
深圳市方迪科技股份有限公司,深圳市,--,--,2014-01-24,信息系统集成服务,系统集成、自助设备、技术服务
贵州东方世纪科技股份有限公司,贵阳市,4947.47万,213.78万,2014-01-24,河湖治理及防洪设施工程建筑,水利信息化相关的咨询设计、软件开发服务、系统集成、运行维护
深圳市行健自动化股份有限公司,深圳市,1.52亿,2500.98万,2014-01-24,信息系统集成服务,产品销售、整体技术解决方案、技术服务
新疆锦棉种业科技股份有限公司,伊犁哈萨克自治州,3.39亿,1599.69万,2014-01-24,棉花种植,种子、肥料、地膜、农药、棉花
杭州哲达科技股份有限公司,杭州市,3.05亿,2498.27万,2014-01-24,信息系统集成服务,工业系统服务、智慧流体产品、自动化控制产品及技术服务
郑州豪威尔电子科技股份有限公司,郑州市,5415.83万,646.67万,2014-01-24,农林牧渔专用仪器仪表制造,转向管柱总成、联合收割机报警器、联合收割机新型可调式方向机总成、仪器仪表、液晶终端显示器、扶手箱座椅总成、智能控制器、座椅、GPS终端机
昆明安泰得软件股份有限公司,昆明市,6797.96万,605.57万,2014-01-24,软件开发,SaaS云服务、软件销售、航拍测绘及系统集成
成都网动光电子技术股份有限公司,成都市,3640.72万,351.64万,2014-01-24,光电子器件及其他电子器件制造,光模块、光器件
海能未来技术集团股份有限公司,济南市,2.47亿,5119.01万,2014-01-24,实验分析仪器制造,有机元素分析系列、样品前处理系列、色谱光谱系列、通用仪器系列
芜湖盛力科技股份有限公司,芜湖市,1.05亿,89.09万,2014-01-24,液压和气压动力机械及元件制造,空气（真空）助力制动系统部件、气压制动系统部件、液压制动系统部件
安徽P一药业股份有限公司,滁州市,2.09亿,2719.28万,2014-01-24,化学试剂和助剂制造,抗过敏类、抗氧化类、抗血栓类、解热镇痛类、胃溃疡类、抗病毒类、紫外线吸收剂
成都网阔信息技术股份有限公司,成都市,1.01亿,450.34万,2014-01-24,其他计算机制造,车联网业务、驾驶培训系统
郑州辰维科技股份有限公司,郑州市,5165.92万,344.77万,2014-01-24,软件开发,软件系统及研发、仪器、测量服务、测绘服务
河源富马硬质合金股份有限公司,河源市,2.48亿,2726.45万,2014-01-24,有色金属合金制造,硬质合金刀头、硬质合金木工刀、整体硬质合金圆片、硬质合金非标异型产品
福建求实智能股份有限公司,厦门市,--,--,2014-01-24,数字内容服务,智能技术产品
南京旭建新型建材股份有限公司,南京市,2.92亿,1106.98万,2014-01-24,轻质建筑材料制造,加气混凝土（ALC）制品及施工安装、建筑总承包施工
广州普金计算机科技股份有限公司,广州市,1778.61万,-7100.62万,2014-01-24,软件开发,软件及硬件销售、网络及服务、租赁
江西佳信捷电子股份有限公司,赣州市,8440.46万,-1753.46万,2014-01-24,影视录放设备制造,安防产品、系统集成项目、技术服务
杭州东创科技股份有限公司,杭州市,--,--,2014-01-24,软件开发,数据采集处理技术、云数据物联网平台
安徽佳先功能助剂股份有限公司,蚌埠市,4.79亿,6664.11万,2020-07-27,化学试剂和助剂制造,PVC新型环保热稳定剂及助剂
广东旭龙物联科技股份有限公司,广州市,6787.53万,683.38万,2014-01-24,计算机外围设备制造,条码扫描器、应用软件开发
厦门蓝斯通信股份有限公司,厦门市,4859.01万,-796.69万,2014-01-24,通信系统设备制造,智能车载产品、无线数传产品、软件产品、技术、材料销售、售后维修、出租业务
济南老来寿生物集团股份有限公司,济南市,--,--,2014-01-24,保健食品制造,保健产品、其他产品、服务收入
大同新成新材料股份有限公司,大同市,2.71亿,-5258.87万,2014-01-24,石墨及碳素制品制造,石墨制品、电极、加工业务、附属产品、活性炭、碳滑板
华博胜讯信息科技股份有限公司,合肥市,--,--,2014-01-24,信息系统集成服务,系统集成、软件及服、互联网运营服务
大连奥远电子股份有限公司,大连市,1.13亿,234.87万,2014-01-24,信息系统集成服务,企业级系统集成、智慧应用云产品与服务
山东大正医疗器械股份有限公司,威海市,1.04亿,2102.40万,2014-01-24,医疗、外科及兽医用器械制造,医疗器械、卫生材料
威海威硬工具股份有限公司,威海市,1.02亿,2424.01万,2014-01-24,切削工具制造,平面类刀具、旋转类刀具
安徽中科自动化股份有限公司,安庆市,7686.75万,1324.69万,2014-01-24,烟草生产专用设备制造,烟草烤房设备、电能烤房设备、粮食烘干机、注塑环保垃圾桶、注塑物流托盘
江苏亚奥科技股份有限公司,南京市,1.86亿,705.77万,2014-01-24,信息系统集成服务,动力环境监控系统、视频监控系统、软件产品
厦门超宇环保科技股份有限公司,厦门市,--,--,2014-01-24,丙纶纤维制造,丙纶毡 、高温毡、加工
潍坊万隆电气股份有限公司,潍坊市,5025.36万,286.69万,2014-01-24,发电机及发电机组制造,发电机、车用电器
蚌埠市双环电感股份有限公司,蚌埠市,--,--,2014-01-24,电子元件及组件制造,电感器、变压器
郑州众智科技股份有限公司,郑州市,2.03亿,6812.43万,2014-01-24,其他输配电及控制设备制造,控制器类、组件类、其他类
宁夏上陵牧业股份有限公司,银川市,5.70亿,6172.59万,2014-01-24,牛的饲养,肉牛代理、养殖服务、奶制品
苏州苏玺文化旅游集团股份有限公司,苏州市,--,--,2014-01-24,食品及饲料添加剂制造,口香糖基础原料（食品添加剂）和食品包装材料
海南中视文化传播股份有限公司,海口市,1.18亿,-2947.77万,2014-01-24,电影放映,电影院线、媒体运营
中山银利智能科技股份有限公司,中山市,928.68万,-916.82万,2014-01-24,安全系统监控服务,弱电监控设备工程、追溯系统、银利数字视频监控设备、物业管理系统
青岛丰光精密机械股份有限公司,青岛市,2.63亿,4892.71万,2020-12-28,金属结构制造,精密直线导轨滑块、高速列车减震器主件、伺服电机主轴、汽车安全带装置转轴、汽车发动机涨紧支臂、高速列车高压连接器、自动化工厂柔性生产线配件、真空泵主轴、高端家电电路板核心散热部件、产业机器人精密配件、精密工业工具零件
山东远大朗威教育科技股份有限公司,济南市,6771.92万,1752.96万,2014-01-24,软件开发,产品销售、技术服务
沈阳中科三耐新材料股份有限公司,沈阳市,1.11亿,2446.42万,2014-01-24,有色金属铸造,高温母合金、航空发动机系列、铸件、燃机、增压器叶片
江苏速升自动化装备股份有限公司,无锡市,1807.66万,-695.16万,2014-01-24,其他专用设备制造,智能自动化系统集成装备、装配自动化系统集成装备、涂装自动化系统集成装备、军用装备
沈阳麟龙科技股份有限公司,沈阳市,4.95亿,1.90亿,2014-01-24,软件开发,证券分析软件销售及数据信息服务、证券投资咨询服务
青岛文达通科技股份有限公司,青岛市,6.50亿,5725.28万,2014-01-24,物业管理,信息系统集成、物业服务
济南新吉纳远程测控股份有限公司,济南市,1609.40万,-203.89万,2014-01-24,工业自动控制系统装置制造,软件、技术服务、硬件销售
大连博控科技股份有限公司,大连市,3268.22万,129.02万,2014-01-24,供应用仪表及其他通用仪器制造,工业温度、传感器、热量表温度传感器、超声波水表
大连世安科技股份有限公司,大连市,2529.03万,13.32万,2014-01-24,社会公共安全设备及器材制造,自动扫描灭火装置、智能水炮、灭火系统、区域控制箱红外探测器、软件技术服务费
苏州康捷医疗股份有限公司,苏州市,6390.34万,1562.64万,2014-01-24,光学仪器制造,眼科医疗产品、眼科医疗配套产品
泰谷生态科技集团股份有限公司,长沙市,--,--,2014-01-24,有机肥料及微生物肥料制造,有机肥、生物有机肥、兽药、水溶肥、生石灰、粒状培养土、育苗盘、复混肥产品、VIP试验建设项目、秸秆腐熟剂、工程项目、土壤调理剂、有机尿胺、重金属污染项目
大连量天科技发展股份有限公司,大连市,--,--,2014-01-24,其他互联网服务,工业互联网平台、云 MES、智能工厂、智能机器人、5G+应用
厦门英诺尔电子科技股份有限公司,厦门市,1.14亿,2055.40万,2014-01-24,印制电路板制造,线路板系列产品、物联网RFID系列产品、幼儿教育产品
申昱环保科技股份有限公司,成都市,--,--,2014-01-24,钢压延加工,环保水处理技术、新技术的开发、新技术应用、技术咨询、环保水处理试验服务、环保水处理设备
郑州欧丽信大电子信息股份有限公司,郑州市,8746.33万,456.72万,2014-01-24,信息系统集成服务,人防警报通信系统、多媒体警报、集成应急指挥通信装车、无线通信系统
成都恒成工具股份有限公司,成都市,7696.74万,897.76万,2014-01-24,切削工具制造,木工刀具
云南铜业科技发展股份有限公司,昆明市,6871.00万,420.17万,2014-01-24,其他常用有色金属冶炼,硒产品、银-外购、房屋租赁、铸铜转子、碲化铜、镀锡铜银合金、含碲物料、银粉产品、粗碲空格、废旧物资、技术服务、物管、加工费、铜料销售、电机/导电梁销售及加工业务
柳州爱格富食品科技股份有限公司,柳州市,1917.96万,-383.02万,2014-01-24,食品及饲料添加剂制造,蔗糖酯、磷酸盐、复配类、农产品类、G5类、广告服务类
重庆渝万通新材料科技股份有限公司,重庆市,5591.30万,105.95万,2014-01-24,木门窗、楼梯制造,木质防火门、木质装饰防火门、钢木防火门、钢质防火门、防火卷帘门、防火窗、不锈钢玻璃防火门、挡烟垂壁、安装
哈尔滨恒通排水设备制造股份有限公司,哈尔滨市,1191.77万,208.21万,2014-01-24,环境保护专用设备制造,污水提升设备、隔油强排设备
哈尔滨中大型材科技股份有限公司,哈尔滨市,5039.63万,-361.65万,2014-01-24,塑料板、管、型材制造,PVC塑料型材、高分子石塑材
安徽扬子地板股份有限公司,滁州市,5.25亿,-1.12亿,2014-01-24,地板制造,实木复合地板、强化复合地板、实木地板、石塑地板
石家庄五龙制动器股份有限公司,石家庄市,5507.18万,201.58万,2014-01-24,电梯、自动扶梯及升降机制造,电梯制动器、常规制动器、扶梯附加制动器
大连翼兴节能科技股份有限公司,大连市,5013.28万,-1646.06万,2014-01-24,其他建筑安装业,修缮及施工
西安利雅得电气股份有限公司,西安市,1.11亿,1731.22万,2014-01-24,矿山机械制造,矿山智能化系统、智慧化管控平台及自动化控制系统、高低压成套设备
山东星科智能科技股份有限公司,济南市,1.96亿,-14.24万,2014-01-24,教学专用仪器制造,智能化职业教育教学装备、虚拟仿真实训系列产品、职业教育云平台及应用软件
郑州畅想高科股份有限公司,郑州市,1.08亿,2302.50万,2014-01-24,信息系统集成服务,科技运安系列产品、智能视频系列产品、智慧教培系列产品
苏州天弘激光股份有限公司,苏州市,2.85亿,261.12万,2014-01-24,电子工业专用设备制造,工业智能装备
重庆沃克斯科技股份有限公司,重庆市,1.06亿,1263.69万,2014-01-24,烘炉、熔炉及电炉制造,工业炉、配件、售后服务
陕西亚成微电子股份有限公司,西安市,1.69亿,1146.27万,2014-01-24,集成电路制造,集成电路
兰州海红技术股份有限公司,兰州市,1.02亿,407.12万,2014-01-24,通信系统设备制造,智能配电设备、通信系统设备、充电站电费
长虹塑料集团英派瑞塑料股份有限公司,芜湖市,6.12亿,3437.08万,2014-01-24,塑料丝、绳及编织品制造,尼龙扎带、钢钉线卡、接线端子、高分子合金电缆桥架
广东雅达电子股份有限公司,河源市,3.24亿,4620.83万,2014-01-24,工业自动控制系统装置制造,电力监控产品、电力监控系统集成服务
哈尔滨均信融资担保股份有限公司,哈尔滨市,1.47亿,3406.76万,2014-01-24,担保服务,融资性担保业务
珠海新华通软件股份有限公司,珠海市,--,--,2014-01-24,软件开发,软件销售、定制软件、技术服务
成都西部泰力智能设备股份有限公司,成都市,9275.21万,950.26万,2014-01-24,起重机制造,起重机销售
深圳市齐普光电子股份有限公司,深圳市,1.22亿,223.43万,2014-01-24,光电子器件及其他电子器件制造,LED电子显示屏
重庆安运科技股份有限公司,重庆市,7772.30万,1643.53万,2014-01-24,信息系统集成服务,智能公交系统硬件、驾校计时培训系统-硬件销售、驾校计时培训系统-BOT项目、驾校计时培训系统-在线教育
江西华宇软件股份有限公司,南昌市,1278.06万,-43.64万,2014-01-24,软件开发,硬件、软件、维护服务费
陕西天润科技股份有限公司,西安市,1.97亿,3377.25万,2022-06-17,数据处理和存储服务,遥感与测绘地理信息数据服务、空间信息系统开发应用与集成
大连莱力柏信息技术股份有限公司,大连市,--,--,2014-01-24,工业自动控制系统装置制造,水务信息化建设
虹越花卉股份有限公司,嘉兴市,6.89亿,7245.26万,2014-01-24,花卉种植,花卉苗木、种子种苗、园艺资材
无锡市海航电液伺服系统股份有限公司,无锡市,4759.67万,386.45万,2014-01-24,试验机制造,泵站、风电用张紧缸、伺服控制系统、伺服作动器
武汉蓝星科技股份有限公司,武汉市,788.44万,-2539.27万,2014-01-24,其他计算机制造,智能液晶仪表(含嵌入式软件及服务）
广东科硕科技股份有限公司,东莞市,--,--,2014-01-24,电工机械专用设备制造,隔膜机械
保定奥普节能科技股份有限公司,保定市,454.58万,57.35万,2014-01-24,灯用电器附件及其他照明器具制造,灯具及镇流器、节能技术服务
湖南山水节能科技股份有限公司,湘潭市,2.10亿,2620.71万,2014-01-24,泵及真空设备制造,泵类及水处理设备、水系统节能技术服务
北京星奥科技股份有限公司,北京市,--,--,2014-01-24,信息系统集成服务,产品销售、软件销售、建筑安装、服务
山东泰信电子股份有限公司,济南市,169.51万,-104.16万,2014-01-24,软件开发,硬件产品、软件产品、技术开发及服务、入
武汉力龙信息科技股份有限公司,武汉市,3103.73万,-510.75万,2014-01-24,软件开发,电子政务软件、咨询及技术服务
吉林省差旅天下网络技术股份有限公司,长春市,2.39亿,2539.18万,2014-01-24,其他旅行社相关服务,差旅平台、代理服务、软件技术及服务费
苏州市龙源电力科技股份有限公司,苏州市,1.20亿,764.15万,2014-01-24,变压器、整流器和电感器制造,交直流一体化电源、高低压成套设备、中性点接地电阻器
杭州云天软件股份有限公司,杭州市,--,--,2014-01-24,软件开发,水泥行业的管理软件开发、技术服务
安徽华菱西厨装备股份有限公司,马鞍山市,3.41亿,2162.05万,2014-01-24,食品、酒、饮料及茶生产专用设备制造,食品机械、西厨、工程、商厨、制冷设备
江苏国贸酝领智能科技股份有限公司,苏州市,1.99亿,392.05万,2014-01-24,信息系统集成服务,信息系统集成、设计及研发、产品销售、停车及运维
上海弘陆物流设备股份有限公司,上海市,4163.17万,-67.48万,2014-01-24,其他机械与设备租赁,叉车租赁及衍生业务、叉车及配件销售
徐州金联瑞星软件科技股份有限公司,徐州市,975.82万,61.53万,2014-01-24,软件开发,软件销售、技术服务、运营维护、硬件销售
无锡市兴港包装股份有限公司,无锡市,1.12亿,343.33万,2014-01-24,机制纸及纸板制造,瓦楞纸箱（板）、废纸
浙江天松医疗器械股份有限公司,杭州市,1.05亿,4189.79万,2014-01-24,医疗、外科及兽医用器械制造,医疗器械
苏州银河激光科技股份有限公司,苏州市,1252.46万,286.52万,2014-01-24,包装装潢及其他印刷,胶粘带、商标、印刷品
成都晶宝时频技术股份有限公司,成都市,1.56亿,2789.01万,2014-01-24,电子元件及组件制造,石英晶振、大数据运营及技术服务、射频元器件及模组、定制零部件加工
凯德技术长沙股份有限公司,长沙市,5.68亿,2310.91万,2014-01-24,计算机、软件及辅助设备批发,软件、系统集成与智能制造、产品销售
苏州华尔美特装饰材料股份有限公司,苏州市,4833.91万,-2017.53万,2014-01-24,非织造布制造,墙纸、墙布、布艺、窗帘、墙板
广州盈光科技股份有限公司,广州市,567.76万,-707.22万,2014-01-24,光电子器件及其他电子器件制造,模具、配件
唐人通信技术服务股份有限公司,南昌市,--,--,2014-01-24,移动电信服务,通信技术服务、通信工程服务、防雷工程、商品
新达通科技股份有限公司,深圳市,4147.71万,-1148.03万,2014-01-24,计算器及货币专用设备制造,ATM设备销售、技术服务、光伏发电、配件销售
深圳市博安通科技股份有限公司,深圳市,2.53亿,1259.65万,2014-01-24,通信系统设备制造,天线、无线模组、射频技术服务
安徽徽电科技股份有限公司,合肥市,--,--,2014-01-24,配电开关控制设备制造,零损耗深度限流装置、消弧类产品、大容量高速开关类、过电压保护器类产品、灭磁保护类产品、其他电器产品
苏州吉玛基因股份有限公司,苏州市,1.02亿,357.40万,2014-01-24,医学研究和试验发展,小核酸产品、小核酸相关基因产品、基因合成相关化学品、技术服务
江苏腾旋科技股份有限公司,无锡市,1.59亿,1575.50万,2014-01-24,金属密封件制造,通用工业、工程机械、军工产品
福建三炬生物科技股份有限公司,厦门市,--,--,2014-01-24,有机肥料及微生物肥料制造,生物有机肥、微生物菌剂、水溶肥
南京大树智能科技股份有限公司,南京市,1.40亿,2580.66万,2014-01-24,烟草生产专用设备制造,主营-在线视觉检测设备、主营-备品备件、主营-设备技术支持与维保、主营-烟草智能整机设备、主营-信息化系统设备、主营-软件
山东中磁视讯股份有限公司,济南市,--,--,2014-01-24,软件开发,帮教服务、软件服务、硬件销售
江苏瀚远科技股份有限公司,苏州市,1.97亿,426.32万,2014-01-24,信息系统集成服务,信息系统集成、软件开发及服务、销售商品、软件销售
上海长信科技股份有限公司,上海市,3543.47万,260.23万,2014-01-24,其他电信服务,增值传统电信业务
大连华工创新科技股份有限公司,大连市,6527.86万,581.59万,2014-01-24,其他通用设备制造业,涂胶系列、胶水、注胶系列、设备配件
郑州鸿盛数码科技股份有限公司,郑州市,7781.61万,95.29万,2014-01-24,油墨及类似产品制造,纳米喷墨材料、设备及解决方案
四川格纳斯光电科技股份有限公司,成都市,1.89亿,164.49万,2014-01-24,光电子器件及其他电子器件制造,透镜热压成型元件、棱镜热压成型元件、棒料毛坯、视光类制品、特种光学玻璃元件、精密光学元件及镜头
益善生物技术股份有限公司,广州市,1.15亿,1778.52万,2014-01-24,其他未列明专业技术服务业,医疗检测、试剂盒
固安信通信号技术股份有限公司,廊坊市,--,--,2014-01-24,铁路专用设备及器材、配件制造,轨道电路和电码化设备、信号电源屏设备、应答器传输系统、区间综合监控系统、信号器材配件
无锡顺达智能自动化工程股份有限公司,无锡市,1.02亿,2686.56万,2014-01-24,连续搬运设备制造,成套设备
江苏箭鹿毛纺股份有限公司,宿迁市,5.55亿,6419.97万,2014-01-24,毛染整精加工,面料、毛纱、服装
潍坊胜达科技股份有限公司,潍坊市,1.94亿,1835.32万,2014-01-24,塑料薄膜制造,保护膜、基膜、胶水
成都页游科技股份有限公司,成都市,258.54万,-312.08万,2014-01-24,互联网信息服务,斗破苍穹2、斗破苍穹3、视频APP、斗破苍穹3D、阅读软件平台、H5小游戏
上海合胜计算机科技股份有限公司,上海市,6.37亿,2727.67万,2014-01-24,信息系统集成服务,IT应用服务、IT核心架构服务、IT终端服务
上海希奥信息科技股份有限公司,上海市,7400.84万,210.97万,2014-02-14,移动电信服务,短信业务
上海华江企业管理股份有限公司,上海市,--,--,2014-02-14,工业自动控制系统装置制造,健康养老服务和管理咨询业务
展唐助拍(上海)科技股份有限公司,上海市,514.80万,-389.40万,2014-02-19,通信终端设备制造,司法助拍服务、司法助贷服务
上海法普罗新材料股份有限公司,上海市,57.98万,-376.28万,2014-02-18,隔热和隔音材料制造,建筑保温材料
上海菱博电子技术股份有限公司,上海市,--,--,2014-02-19,光电子器件及其他电子器件制造,屏幕拼接显示设备、配套工程
上海景格科技股份有限公司,上海市,1.27亿,-580.07万,2014-02-18,软件开发,汽车相关专业、智能制造专业
派芬自控(上海)股份有限公司,上海市,--,--,2014-02-20,工业自动控制系统装置制造,工程机械、LNG船舶动力
上海摩威环境科技股份有限公司,上海市,--,--,2014-02-21,生态监测,工程运维服务、环保仪器设备、技术服务、软件
天健创新(北京)监测仪表股份有限公司,北京市,5334.39万,-336.55万,2014-02-18,环境监测专用仪器仪表制造,污水处理监测仪表、饮水安全监测仪表、水环境监测仪表
北京紫贝龙科技股份有限公司,北京市,1631.20万,-2843.01万,2014-02-18,石油钻采专用设备制造,测井仪器、测井技术服务
天津中瑞药业股份有限公司,天津市,8763.84万,1175.48万,2014-02-18,化学药品原料药制造,维生素B族类、心脑血管类
上海底特精密紧固件股份有限公司,上海市,2.15亿,2586.05万,2014-02-21,紧固件制造,螺母、螺栓、丝锥、量规
上海青鹰实业股份有限公司,上海市,252.36万,-426.90万,2014-02-19,其他未列明建筑业,百叶翻板系列、卷帘系列、中空内置百叶玻璃系列、天棚帘系列、谷木纤维复合型材
天津绿清管道科技股份有限公司,天津市,3907.56万,-1221.12万,2014-02-18,石油钻采专用设备制造,技术服务、工程项目
莱博药妆技术(上海)股份有限公司,上海市,--,--,2014-02-18,专项化学用品制造,贸易、自产、服务
上海金豹实业股份有限公司,上海市,--,--,2014-02-18,汽车零部件及配件制造,车身内饰件、汽车底盘零部件
三联泵业股份有限公司,马鞍山市,4.13亿,1892.12万,2014-02-21,泵及真空设备制造,水泵、水泵配件
同望科技股份有限公司,珠海市,1.65亿,3242.08万,2014-02-14,软件开发,套装软件、定制软件、软件服务、系统集成
广州今泰科技股份有限公司,广州市,8845.61万,3132.86万,2014-02-18,涂料制造,硬质装饰涂层、硬质功能涂层
上海财安金融服务集团股份有限公司,上海市,3.90亿,2347.55万,2014-02-17,金融信息服务,业务流程外包KPO业务、信息技术开发服务外包ITO、知识流程外包KPO业务
大连楼兰科技股份有限公司,大连市,3957.30万,153.90万,2014-02-21,软件开发,软件服务
山东舜网传媒股份有限公司,济南市,5518.22万,632.39万,2014-02-14,广告业,技术服务、活动策划、大型项目承建、舆情监测、网络宣传、电子商务、视频直播、移动增值
江苏省铁路发展股份有限公司,南京市,7473.63万,5467.88万,2014-03-28,铁路工程建筑,商品贸易、运输服务、铁路多经业务、服务区、租赁
天津益佰碧源环保科技股份有限公司,天津市,--,--,2014-03-07,广告业,废酸环保处理、废酸资源化利用
上海派尔科化工材料股份有限公司,上海市,--,--,2014-03-07,其他合成材料制造,精间戊二烯、1-戊烯、2-戊酮、3-戊酮、环戊酮、环戊基甲醚
上海罗曼照明科技股份有限公司,上海市,7.36亿,1.18亿,2014-03-05,建筑装饰业,景观照明工程、景观照明设计
济南大陆机电股份有限公司,济南市,9900.42万,998.63万,2014-03-13,信息系统集成服务,工业互联网仪表平台企业节点应用、污水处理、再生水销售
北京联合永道软件股份有限公司,北京市,1.31亿,-1908.78万,2014-03-07,软件开发,IT服务、职业教育软件开发、信息系统集成业务
广州市高衡力节能科技股份有限公司,广州市,4870.23万,-3874.53万,2014-03-13,工业自动控制系统装置制造,技术服务、系统工程建设
北京绿伞科技股份有限公司,北京市,2.56亿,736.85万,2014-03-20,肥皂及合成洗涤剂制造,衣物洁护系列、厨房洁护系列、家居洁护系列、卫浴洁护系列、个人洁护系列、水垢清除系列、杀虫防护系列、除湿除味系列
北京三多堂传媒股份有限公司,北京市,6582.65万,1560.59万,2014-03-20,电影和影视节目制作,制作费
江苏笃诚医药科技股份有限公司,苏州市,87.31万,-739.24万,2014-03-31,有机化学原料制造,β胸苷、胞苷酸、阿奇霉素重排、脱水尿苷、克林霉素醇和物、盐酸克林霉素、其他
上海现代环境工程技术股份有限公司,上海市,2848.45万,92.88万,2014-04-02,实验分析仪器制造,仪器产品、代销产品、生产设备、耗材配件
合肥东芯通信股份有限公司,合肥市,2883.07万,-16.36万,2014-03-28,集成电路设计,芯片及模组销售、IP授权、代理
深圳一卡易科技股份有限公司,深圳市,--,--,2014-04-02,信息系统集成服务,网络版会员管理软件销售、电子智能支付设备
如皋市鼎浩液压机械股份有限公司,南通市,--,--,2014-04-02,汽车零部件及配件制造,汽车零配件、客车
上海天佑铁道新技术研究所股份有限公司,上海市,7148.13万,89.88万,2014-04-11,铁路机车车辆配件制造,扭杆、备件及维修、进口球头、试验台、智能装备
上海天跃科技股份有限公司,上海市,5.84亿,3032.05万,2014-04-15,应用电视设备及其他广播电视设备制造,SaaS云服务、安防设备产品、安防系统工程、运维服务、保安服务
浙江恒立数控科技股份有限公司,湖州市,1.35亿,1271.47万,2014-04-11,金属成形机床制造,金属板材冲压成形、工业在线检测自动化、电力电工自动化设备
洛阳升华感应加热股份有限公司,洛阳市,2595.54万,378.31万,2014-04-10,电工仪器仪表制造,设备、感应器、中高频电源
潍坊联兴新材料科技股份有限公司,潍坊市,--,--,2014-04-10,石墨及碳素制品制造,煅后焦、增碳剂、蒸汽、预焙阳极、受托加工
甘肃中天羊业股份有限公司,定西市,--,--,2014-04-11,羊的饲养,活体羊、羊肉类、牛肉类
武汉新中德塑机股份有限公司,武汉市,1.15亿,1190.03万,2014-04-10,塑料加工专用设备制造,内冷吹膜机、牵引旋转吹膜机、模头旋转吹膜机
上海谊盛实业股份有限公司,上海市,73.28万,-904.72万,2014-04-08,其他资本市场服务,铜、砂石、酒
宁波新芝生物科技股份有限公司,宁波市,1.68亿,5732.40万,2014-04-09,实验分析仪器制造,通用仪器、样品制备仪器、生命科学仪器
华盛科技控股股份有限公司,滁州市,49.85万,-5881.94万,2014-04-08,医疗实验室及医用消毒设备和器具制造,实验室台柜、普通装修
北京华瑞核安科技股份有限公司,北京市,509.37万,-667.14万,2014-04-14,环境保护专用设备制造,核辐射产品
北京楚祥医疗管理股份有限公司,北京市,7198.51万,-1344.14万,2014-04-10,专科医院,销售商品、药品、医疗、服务
深圳市杰纳瑞医疗仪器股份有限公司,深圳市,4146.08万,232.55万,2014-04-09,医疗诊断、监护及治疗设备制造,多参数病人监护仪、胎儿母亲监护仪、脉搏血氧仪
安徽华印机电股份有限公司,淮南市,--,--,2014-04-09,其他文化、办公用机械制造,机要装备、装订机
青岛浩海网络科技股份有限公司,青岛市,1.39亿,2266.12万,2014-04-11,信息系统集成服务,林业防火预警及应急指挥系统、智慧城市及公共安全系统
沈阳宝石金卡信息技术股份有限公司,沈阳市,3397.78万,12.32万,2014-04-11,信息系统集成服务,信息化硬件集成、信息化软件集成、电子支付终端、智能识别与控制终端
武汉康普常青软件技术股份有限公司,武汉市,1499.62万,-60.00万,2014-04-18,电动机制造,系统销售、技术服务
扬州立德粉末冶金股份有限公司,扬州市,--,--,2014-04-24,锻件及粉末冶金制品制造,粉末冶金零部件
深圳市高山水生态园林股份有限公司,深圳市,2029.45万,-1.06亿,2014-04-23,其他土木工程建筑,施工、设计、养护
同智伟业软件股份有限公司,济南市,6410.63万,306.63万,2014-04-22,软件开发,签章签名类产品、密码安全类产品、行业应用类产品
海芯华夏(北京)科技股份有限公司,北京市,2523.05万,-1688.34万,2014-04-23,其他电信服务,农信通内容提供业务、农业物联网业务、软件技术开发业务
武汉深蓝自动化设备股份有限公司,黄冈市,4111.47万,-52.44万,2014-04-24,其他日用品生产专用设备制造,蓄电池生产设备、设备专用配件
福建索天信息科技股份有限公司,福州市,993.24万,-1131.21万,2014-04-24,计算器及货币专用设备制造,智慧城市交通收费系统、施工运营维护、技术服务、硬件、房屋租金
苏州奇才电子科技股份有限公司,苏州市,--,--,2014-04-30,电线、电缆制造,汽车连接线及新能源汽车充电桩、充电枪
郑州春泉节能股份有限公司,郑州市,--,--,2014-04-30,供应用仪表及其他通用仪器制造,云产品、智慧能源管理系统、智能终端、发热疫情监测防控系统、北斗检测定位、其他外购产品、技术服务、房租
浙江爱力浦科技股份有限公司,台州市,1.73亿,1275.81万,2014-04-30,泵及真空设备制造,计量泵、成套加药装置、工程项目、SCR产品
山东省源通机械股份有限公司,淄博市,1.84亿,1232.82万,2014-04-30,其他通用零部件制造,树脂砂类、加工件类、粘土砂类
合肥高科科技股份有限公司,合肥市,8.59亿,4401.28万,2014-05-05,家用电力器具专用配件制造,金属结构件、装饰面板、金属模具
同创九鼎投资管理集团股份有限公司,北京市,13.32亿,12.33亿,2014-04-29,基金管理服务,公募业务、证券业务、房地产业务、私募业务、通讯设备制造业务
上海鸿图建筑设计股份有限公司,上海市,--,--,2014-05-06,工程勘察设计,建筑工程设计、园林设计、室内外装饰工程设计、建筑领域内技术开发、技术服务、技术咨询、技术转让
武汉芳笛环保股份有限公司,武汉市,1.08亿,1885.04万,2014-05-05,水污染治理,水环境整体解决方案、设备销售及安装、劳务服务
北京九五智驾信息技术股份有限公司,北京市,5760.32万,-999.88万,2014-05-06,信息技术咨询服务,服务运营、技术开发
北京津宇嘉信科技股份有限公司,北京市,5891.16万,-2435.90万,2014-05-06,铁路专用设备及器材、配件制造,铁路及城市轨道信号电源、电力操作电源、能源产品
江西金格科技股份有限公司,南昌市,--,--,2014-05-06,软件开发,软件产品、硬件产品、技术服务
北京华泽云鼎教育科技股份有限公司,北京市,181.83万,12.49万,2014-04-30,互联网零售,线上图书销售、职业教育培训服务
山东先大健康产业股份有限公司,济南市,1.22亿,66.70万,2014-05-06,西药批发,中成药内服、中成药外用、西药内服、西药外用、医疗器械、非药
凯地钻探(北京)股份有限公司,北京市,--,--,2014-04-30,固体矿产地质勘查,进口便携式钻机、钻探配套
山东威马泵业股份有限公司,济南市,1.40亿,2262.50万,2014-04-30,石油钻采专用设备制造,抽油泵系列产品、潜油电泵采油系统、电加热采油设备成套装备、螺杆泵采油系统
北京御食园食品股份有限公司,北京市,1.68亿,-768.18万,2014-05-06,糕点、面包制造,焙烤系列、山楂系列、果脯系列、栗豆系列、茯苓系列、烤鸭及熟食系列、甘薯系列、豆羹系列
源渤科技发展(北京)股份有限公司,北京市,74.26万,-23.51万,2014-05-07,软件开发,软件技术开发服务、企业管理咨询服务
南京智达康无线通信科技股份有限公司,南京市,--,--,2014-07-11,通信系统设备制造,无线接入设备
江苏中江种业股份有限公司,南京市,3.69亿,84.09万,2014-05-05,稻谷种植,粮食作物、绿化施工及苗木销售、蔬菜作物、肥料、农药、油料作物
无锡斯达新能源科技股份有限公司,无锡市,4512.16万,682.63万,2014-04-30,电子工业专用设备制造,光伏行业、光电行业、维修加工
安徽白兔湖动力股份有限公司,安庆市,--,--,2014-04-30,内燃机及配件制造,内燃机配件
上海光维通信技术股份有限公司,上海市,3.27亿,1499.76万,2014-05-06,其他未列明专业技术服务业,光通信产品
广州尚思传媒科技股份有限公司,广州市,1.23亿,161.22万,2014-05-06,广告业,整合传播业务、网络广告服务、媒介代理、技术服务、电商日用品类
广州星晨互联网科技股份有限公司,广州市,553.05万,8.88万,2014-05-05,软件开发,软件开发
西安诺文电子科技股份有限公司,西安市,1862.86万,-213.13万,2014-05-05,供应用仪表及其他通用仪器制造,水表、热量表
新疆七星建设科技股份有限公司,乌鲁木齐市,3.59亿,320.43万,2014-05-05,房屋建筑业,建筑、构筑件安装
安徽恒均粉末冶金科技股份有限公司,芜湖市,1.29亿,966.50万,2014-04-30,纸和纸板容器制造,粉末冶金产品、镍带
衡阳金化高压容器股份有限公司,衡阳市,1.18亿,998.01万,2014-05-06,金属压力容器制造,天然气瓶、缠绕气瓶、气瓶管、半成品
琼中黎族苗族自治县农村信用合作联社股份有限公司,琼中黎族苗族自治县,3.66亿,1.06亿,2014-05-29,其他非货币银行服务,公众存款、贷款业务
深圳市华曦达科技股份有限公司,深圳市,13.07亿,6038.19万,2014-05-30,应用电视设备及其他广播电视设备制造,智能终端、软件及服务
北京灿亮柒号文化传媒股份有限公司,北京市,3170.60万,-616.88万,2014-05-30,其他未列明专业技术服务业,艺人经纪
北京天翔昌运科技股份有限公司,北京市,--,--,2014-05-30,电子元件及组件制造,消费电子精密结构件、模切件、电子标签
四联智能技术股份有限公司,西安市,1.72亿,353.29万,2014-05-30,信息系统集成服务,再生能源
广州凯路仕自行车运动时尚产业股份有限公司,广州市,--,--,2014-05-30,脚踏自行车及残疾人座车制造,运动休闲型自行车、自行车零配件
升禾城市环保科技股份有限公司,柳州市,2.33亿,1638.09万,2014-05-30,其他清洁服务,道路保洁、垃圾清运、商品销售、软件许可、咨询服务
山东华佑畜牧股份有限公司,滨州市,1.06亿,-5832.37万,2014-07-17,猪的饲养,仔猪、种猪、肥猪
北京爱科迪通信技术股份有限公司,北京市,--,--,2014-05-30,通信系统设备制造,卫星通信天线及配件设备、多用途智能化应急卫星通信地球站系统
上海美诺福科技有限公司,上海市,--,--,2014-05-30,其他未列明专业技术服务业,实验室自动化系统、机器人应用、高端实验室技术服务
天津协盛科技股份有限公司,天津市,1243.71万,204.81万,2014-05-30,其他未列明电气机械及器材制造,防雷产品、防雷工程技术服务
山东耀通科技集团股份有限公司,济南市,3033.92万,38.74万,2014-05-30,光伏设备及元器件制造,市政工程
北京华财会计股份有限公司,北京市,1.06亿,219.29万,2014-06-04,会计、审计及税务服务,记账报税、商务咨询、BPO项目外包、加盟
深圳市牛商网络股份有限公司,深圳市,6387.73万,-291.20万,2014-06-10,其他互联网服务,网络基础服务、第三方产品相关服务、牛商云服务、网络营销服务、租金
江苏华灿电讯集团股份有限公司,南通市,9.02亿,-6568.79万,2014-06-03,通信系统设备制造,馈线系统产品及附件、天线系统产品及附件、铁塔产品及附件
威海远航科技发展股份有限公司,威海市,9296.75万,259.42万,2014-06-03,食品、酒、饮料及茶生产专用设备制造,原料处理设备、粉碎设备、控制系统、安装调试、糖化及罐体设备
洛阳正扬冶金技术股份有限公司,洛阳市,584.90万,-137.45万,2014-05-30,冶金专用设备制造,铝轧制设备、技术服务、技术转让
济南百博生物技术股份有限公司,济南市,7713.04万,1400.01万,2014-05-30,生物药品制造,微生物样本采集和处理类、生化类、试剂盒和临检类
杭州吉华高分子材料股份有限公司,杭州市,1.90亿,1924.20万,2014-05-30,涂料制造,有机硅涂料、聚四氟乙烯涂料、纳米陶瓷涂料、聚酯改性有机硅树脂
哈尔滨帕特尔科技股份有限公司,哈尔滨市,2270.28万,77.53万,2014-06-09,变压器、整流器和电感器制造,水利信息化与自动化、软起动设备
深圳市博思堂文化传媒股份有限公司,深圳市,1.38亿,-3990.63万,2014-06-04,广告业,广告设计、营销代理、公关策划
武汉市蓝电电子股份有限公司,武汉市,1.13亿,4771.03万,2014-05-30,其他仪器仪表制造业,电池测试设备
广东精鹰传媒集团股份有限公司,佛山市,5830.67万,392.11万,2014-06-04,广告业,影视制作、内容电商、著作权
泰安众诚自动化设备股份有限公司,泰安市,2.46亿,2641.36万,2014-06-04,配电开关控制设备制造,移变开关、励磁启动器、矿用多回路启动器、配件、矿用变频器、矿用干式变压器、系统集成、采煤机用牵引变压器
聊城广源精密机械制造股份有限公司,聊城市,3893.60万,57.52万,2014-05-28,模具制造,轮毂模具、汽车装饰件、泵体、加工件
威尔凯电气(上海)股份有限公司,上海市,884.92万,-161.28万,2014-06-10,变压器、整流器和电感器制造,变频器、软启动
大连冰洋科技股份有限公司,大连市,--,--,2014-06-05,其他水产品加工,鱿鱼丝、鱿鱼生物短肽、烤鱼片
江苏华源建筑设计研究院股份有限公司,常州市,1.46亿,-4591.36万,2014-06-04,工程勘察设计,勘察设计、工程总承包
福州唐朝彩印股份有限公司,福州市,3926.33万,-303.46万,2014-06-04,装订及印刷相关服务,印刷制品、受托加工、厂房出租、原材料销售
博富科技股份有限公司,苏州市,8971.24万,-1717.50万,2014-06-06,其他塑料制品制造,注塑产品、改性材料产品
长春希迈气象科技股份有限公司,长春市,6243.75万,1192.93万,2014-06-10,导航、气象及海洋专用仪器制造,技术服务、检测、检定、维修
昆明佳晓自来水工程技术股份有限公司,昆明市,1.63亿,-142.66万,2014-06-10,管道和设备安装,远传水表安装业务、自来水工程、污水处理工程、绿化工程、水表及其配件销售、大健康产品
山东创新腐植酸科技股份有限公司,聊城市,2908.03万,-2648.05万,2014-05-28,无机酸制造,腐植酸农业用产品、腐植酸食品用产品
南京奥派信息产业股份公司,南京市,3510.14万,-40.69万,2014-06-11,软件开发,自有软件销售、技术合作开发服务、销售配套软硬件
云南路桥股份有限公司,昆明市,12.23亿,-3.66亿,2014-06-06,公路工程建筑,工程施工、工程监理、试验检测、水力发电、爆破工程、特种设备服务、绿化工程
上海易之景和环境技术股份有限公司,上海市,254.42万,-39.04万,2014-06-18,其他专用设备制造,生态环保公厕管理及建造
北京中外名人文化传媒集团股份有限公司,北京市,7.47亿,-9091.55万,2014-06-13,广告业,广告、电视剧、电影、制作、服务
上海艾融软件股份有限公司,上海市,4.21亿,5067.53万,2020-07-27,软件开发,技术开发、技术服务、产品销售及其他
深圳市盈富通文化股份有限公司,深圳市,--,--,2014-06-06,广告业,视觉系统设计、广告制作、服务
江苏省金象传动设备股份有限公司,淮安市,1.60亿,372.43万,2014-07-09,齿轮及齿轮减、变速箱制造,通用齿轮传动设备、专用齿轮传动设备
沈阳新松医疗科技股份有限公司,沈阳市,3.10亿,7049.21万,2014-06-10,机械治疗及病房护理设备制造,氧气机、呼吸机
宁波亚锦电子科技股份有限公司,宁波市,36.58亿,2.38亿,2014-06-06,其他电池制造,碱性电池、碳性电池
安徽恒瑞新能源股份有限公司,六安市,--,--,2014-06-18,太阳能发电,光伏产品、EPC项目、充电桩产品
贵州安达科技能源股份有限公司,贵阳市,15.87亿,2.32亿,2014-06-18,锂离子电池制造,磷酸铁、磷酸铁锂
广东羚光新材料股份有限公司,肇庆市,2.64亿,-329.21万,2014-06-19,专项化学用品制造,导电银浆、银粉、表面处理材料、粘合剂、特种陶瓷产品、电池负极材料、电池正极材料
大连华实教育咨询股份有限公司,大连市,--,--,2014-06-20,旅游管理服务,旅游服务业务
河南熔金高温材料股份有限公司,新乡市,3.40亿,668.17万,2014-06-18,耐火陶瓷制品及其他耐火材料制造,滑动水口系列、配套耐材
北京蓝山科技股份有限公司,北京市,--,--,2014-06-20,通信系统设备制造,光通信传输设备、光通信接入设备、光通信智能工程服务、光通信软件
浙江鼎炬电子科技股份有限公司,杭州市,--,--,2014-06-20,工业自动控制系统装置制造,工业4.0项目、汽车电子项目
苏州巨峰电气绝缘系统股份有限公司,苏州市,7.78亿,6874.23万,2014-06-30,绝缘制品制造,绝缘系统、云母制品、绝缘漆、柔软复合材料、电磁线、线圈、加工
致生联发信息技术股份有限公司,北京市,0.0000,-1765.24万,2014-06-24,信息系统集成服务,物联网技术开发、物联网产品销售、软件、技术维护
安徽雪郎生物科技股份有限公司,蚌埠市,4.90亿,2665.60万,2014-06-23,食品及饲料添加剂制造,苹果酸、天门冬氨酸、富马酸、可降解塑料袋、吸附剂B、丁二酸、降解塑料母粒、苹果酸钾
湖南拓天节能控制技术股份有限公司,长沙市,106.41万,-234.48万,2014-07-02,变压器、整流器和电感器制造,SBP、风机叶片除冰项目
福州华虹智能科技股份有限公司,福州市,1.08亿,1193.65万,2014-06-24,矿山机械制造,物探设备、技术服务、信息化产品工程
重庆和泰润佳股份有限公司,重庆市,2.29亿,2621.24万,2014-06-27,塑料薄膜制造,PE流延膜、透气膜、复合膜、一次性口罩、透气树脂、PE塑料包装袋
湖南世优电气股份有限公司,湘潭市,2.13亿,2304.29万,2014-06-27,变压器、整流器和电感器制造,电气控制系统产品、售后备件及运维、检测服务、电力产品
云南万绿生物股份有限公司,玉溪市,1.69亿,2542.36万,2014-07-04,其他农业,工业原料、芦荟鲜叶及植株、芦荟终端产品
无锡华精新材股份有限公司,无锡市,11.82亿,6014.70万,2014-07-01,钢压延加工,热镀铝锌合金钢带、冷轧取向硅钢、铝塑膜
江阴市新昶虹电力科技股份有限公司,无锡市,4405.26万,4636.80万,2014-07-07,电力电子元器件制造,三箱屏柜及元器件、房租、光伏电站
山东齐鲁华信实业股份有限公司,淄博市,5.80亿,6064.04万,2021-02-23,化学试剂和助剂制造,石油化工催化分子筛、环保催化分子筛、化工产品
武汉九生堂生物科技股份有限公司,武汉市,3625.61万,1594.12万,2014-07-04,保健食品制造,肽口服液、葛根肽饮品
平原信达化工股份有限公司,德州市,--,--,2014-07-09,有机化学原料制造,光气化产品
湖北荆楚网络科技股份有限公司,武汉市,9183.53万,1586.79万,2014-07-11,广告业,广告、移动增值服务、信息服务、建站维护、商品销售
河北古城香业集团股份有限公司,保定市,1.79亿,4792.91万,2014-07-08,其他日用杂品制造,传统香类、空气清新香类、空气卫生香类、熏香类
山东万通液压股份有限公司,日照市,3.36亿,4266.05万,2020-11-09,液压和气压动力机械及元件制造,自卸车专用油缸、机械装备用油缸、油气弹簧
武汉永力科技股份有限公司,武汉市,2.85亿,4111.07万,2014-07-15,其他电子设备制造,电源类、光电类、技术服务、SMT加工、模块类、维修费、遥控电子类、咨询服务
广东长牛电气股份有限公司,佛山市,2168.84万,-606.76万,2014-07-08,变压器、整流器和电感器制造,变电站、变压器、电缆附件、熔喷布、熔喷布机组、原材料销售、产品安装维修、销售水、电、工程施工
上海沃迪智能装备股份有限公司,上海市,1.44亿,-3439.60万,2014-07-09,其他专用设备制造,自动化成套装备、工业智能机器人系统集成
天津市鸿远电气股份有限公司,天津市,2368.06万,-1707.78万,2014-07-18,配电开关控制设备制造,电气服务、培训服务、租赁服务
山东格林检测股份有限公司,潍坊市,7574.64万,1999.19万,2014-07-14,其他未列明专业技术服务业,环境检测、食品检测、生物样本检测、医学检测、机动车检测
乐山晟嘉电气股份有限公司,乐山市,--,--,2014-07-11,配电开关控制设备制造,箱式变电站、桥架及母线、无功补偿及滤波装置、高低压开关柜、低压配电柜、低压配电箱
厦门鑫森海电子股份有限公司,厦门市,9776.57万,581.14万,2014-07-14,电力电子元器件制造,AC-DC电源适配器、DC-DC电源适配器、电源适配器辅件、电子智力玩具、家用美容器具、灸能安、开板电源、特殊用途灯具及照明装置
河南平原智能装备股份有限公司,郑州市,8.50亿,1579.57万,2014-07-11,其他专用设备制造,一、自动化涂装系统
江苏万企达股份有限公司,南京市,--,--,2014-07-14,其他机械设备及电子产品批发,办公设备、办公用品
宁夏骏华月牙湖农牧科技股份有限公司,银川市,2.11亿,160.50万,2014-07-08,牛的饲养,生鲜乳、有机肥、公牛、牛粪、租金
中国科学院沈阳科学仪器股份有限公司,沈阳市,4.48亿,6528.72万,2014-07-16,泵及真空设备制造,干式真空泵、真空仪器设备、技术服务、相关零部件
苏州天加新材料股份有限公司,苏州市,--,--,2014-07-14,塑料薄膜制造,多层共挤PVDC高阻隔热收缩包装膜
宁夏盈谷实业股份有限公司,石嘴山市,18.27亿,-2034.13万,2014-07-04,珠宝首饰及有关物品制造,黄金、纯金制品及贵、金属工艺品
安徽合矿环境科技股份有限公司,合肥市,2093.27万,-1289.69万,2014-07-15,矿山机械制造,整机、配件、工程
广东金冠科技股份有限公司,广州市,1.44亿,1003.40万,2014-07-11,包装装潢及其他印刷,包装类、商业宣传类、票证类
湖北金旭农业发展股份有限公司,武汉市,5.86亿,-3.61亿,2014-07-21,猪的饲养,种猪、肥猪、商品猪
银川奥特信息技术股份公司,银川市,1332.94万,-1041.94万,2014-07-14,软件开发,精准化养殖系列、奶台改造系列、天网及安防工程、技术服务
合肥金诺数码科技股份有限公司,合肥市,3059.43万,340.88万,2014-07-14,数字内容服务,科普动漫游戏、数字多媒体展示
广州市丰海科技股份有限公司,广州市,3.21亿,-865.58万,2014-07-15,电气信号设备装置制造,销售设备及安装服务、工程、设备维护、系统集成、软件销售
北京瑞华天健科技股份有限公司,北京市,--,--,2014-07-22,信息系统集成服务,信息系统集成服务、技术开发、技术服务、电子产品
大连诚思科技股份有限公司,大连市,7579.16万,-121.07万,2014-07-17,软件开发,软件开发及服务、硬件销售
武汉全华光电科技股份有限公司,武汉市,506.07万,-291.80万,2014-07-15,照明灯具制造,传统照明产品、智慧节点产品、智慧交通产品
南京建策科技股份有限公司,南京市,3251.24万,28.58万,2014-07-16,信息技术咨询服务,培训服务、考试服务、商品贸易、技术服务
铜陵松宝智能装备股份有限公司,铜陵市,7079.77万,-635.76万,2014-07-21,纺织专用设备制造,智能落纱机系列、纺织配件系列
北京天元晟业科技股份有限公司,北京市,262.82万,-1082.35万,2014-07-17,其他仪器仪表制造业,电视剧投资分红、销售润滑油脂
湖南长信畅中科技股份有限公司,长沙市,3407.11万,-1.55亿,2014-07-23,软件开发,软件、系统集成
奥测世纪(北京)技术股份有限公司,北京市,3293.24万,-20.50万,2014-07-16,质检技术服务,国内检测认证、国际检测认证
无锡金田元丰科技股份有限公司,无锡市,65.69万,-117.87万,2014-07-21,模具制造,模具及模具配件、有机化学原料
四川千草生物科技股份有限公司,内江市,--,--,2014-07-17,中药材种植,药品及中药饮片、铁皮石斛系列终端产品、器材及耗材、种苗
洛阳市黄河软轴控制器股份有限公司,洛阳市,9117.27万,232.07万,2014-07-21,机械零部件加工,软轴及软轴控制器、电子操控系统
浙江康莱宝体育用品股份有限公司,台州市,2.11亿,2556.55万,2014-07-21,体育器材及配件制造,家用体育用品
云南智云信息技术股份有限公司,昆明市,--,--,2014-07-16,测绘服务,空间地理信息数据业务、硬件销售业务
基康仪器股份有限公司,北京市,2.59亿,5038.52万,2014-07-23,地质勘探和地震专用仪器制造,智能监测终端、数据应用及解决方案
江苏火凤凰线缆系统技术股份有限公司,苏州市,1.57亿,1168.23万,2014-07-18,电线、电缆制造,单支线、复合线
济南圣泉集团股份有限公司,济南市,88.25亿,7.12亿,2014-07-28,初级形态塑料及合成树脂制造,合成树脂及复合材料、生物质化工产品
无锡佳龙换热器股份有限公司,无锡市,4.86亿,1007.81万,2014-07-24,气体压缩机械制造,换热器
威海联桥新材料科技股份有限公司,威海市,3.51亿,1947.45万,2014-07-28,其他塑料制品制造,改性塑料
广东波斯科技股份有限公司,广州市,3.24亿,1440.40万,2014-07-25,其他塑料制品制造,功能色母、普通色母
福建太尔集团股份有限公司,厦门市,574.49万,-2470.97万,2014-07-23,其他电子设备制造,骨传导助听产品、骨传导耳机
北京环球世纪工场文化传媒股份有限公司,北京市,689.06万,-33.41万,2014-07-30,电影和影视节目制作,大众传播媒介品牌产品创意设计与制作服务
湖南深拓智能设备股份有限公司,长沙市,1.49亿,1138.00万,2014-08-05,信息系统集成服务,系统集成业务、物联网业务、分销业务、厂房出租及劳务
上海海魄信息科技股份有限公司,上海市,960.53万,-350.68万,2014-07-31,信息系统集成服务,技术人员外派服务、软件定制开、发、电子产品、物业管理、总额
广东轩辕网络科技股份有限公司,广州市,1.23亿,-886.34万,2014-07-30,信息系统集成服务,工程项目、商品销售
厦门海迈科技股份有限公司,厦门市,7659.36万,382.79万,2014-08-08,软件开发,应用集成、硬件销售、软件服务、技术服务、软件产品
上海亚泽实业股份有限公司,上海市,3537.49万,41.13万,2014-07-29,社会经济咨询,家居生活、婴童用品、商务用品、食用农产品、制作类、化妆品
辽宁紫竹高科装备股份有限公司,鞍山市,1.28亿,2240.98万,2014-08-01,建筑工程机械与设备租赁,租赁业务、施工业务、销售业务
重庆市旺成科技股份有限公司,重庆市,3.65亿,3741.22万,2014-08-01,齿轮及齿轮减、变速箱制造,离合器部件、齿轮组件
北京华人天地影视策划股份有限公司,北京市,24.04万,-2788.05万,2014-08-01,电影和影视节目制作,影视制作、影视销售
粤开证券股份有限公司,广州市,12.04亿,1.06亿,2014-08-01,证券经纪交易服务,证券经纪业务、证券自营业务、投资银行业务、资产管理业务、信用交易业务、股票质押回购式交易业务、约定购回式证券交易业务、私募股权投资业务、其他业务
江苏维福特科技发展股份有限公司,盐城市,276.46万,-2900.19万,2014-08-04,其他非金属矿物制品制造,氧化铝晶体
四川长仪油气集输设备股份有限公司,乐山市,1.58亿,1213.35万,2014-07-31,阀门和旋塞制造,阀门类、撬装类、容器产品类、轻烃及CNG/LNG
上海复展智能科技股份有限公司,上海市,--,--,2014-07-29,集成电路制造,EMC、照明控制系统、照明产品、路灯改造、软件、技术服务、租赁、燃气模块
博思特能源装备(天津)股份有限公司,天津市,--,--,2014-07-29,其他专用设备制造,石油天然气储运项目设计咨询、装备制造及工程总承包
湖南成聪软件股份有限公司,湘西土家族苗族自治州,1420.33万,-7.56万,2014-07-29,软件开发,软件销售及维护费、餐费
山东万事达建筑钢品股份有限公司,滨州市,--,--,2014-07-30,其他建筑、安全用金属制品制造,建筑围护系统产品、钢结构建筑系统的设计施工服务
江苏标榜装饰新材料股份有限公司,无锡市,3.74亿,-1266.82万,2014-08-08,建筑装饰业,铝塑复合板、铝单板、美丽板、倍丽得
沈阳中北通磁科技股份有限公司,沈阳市,1.18亿,5452.02万,2014-08-08,稀有稀土金属压延加工,毛坯产品、器件产品
长沙海赛电装科技股份有限公司,长沙市,1736.18万,-184.55万,2014-08-11,铁路专用设备及器材、配件制造,轨道交通机车车辆检修与测控装备
保定味群食品科技股份有限公司,保定市,3.75亿,175.83万,2014-08-06,其他调味品、发酵制品制造,水解蛋白质粉、固体饮料、发酵酱油粉、复合调味粉
公准肉食品股份有限公司,绥化市,--,--,2014-08-07,牲畜屠宰,生猪养殖、屠宰、冷鲜、冷冻分割猪肉
上海网波软件股份有限公司,上海市,3975.11万,-431.99万,2014-08-12,软件开发,软件系统开发、运营维护服务、论证报告
银发环保股份有限公司,昆明市,7169.74万,-162.69万,2014-08-11,其他专业咨询,环保工程
重庆聚融建设(集团)股份有限公司,重庆市,3.33亿,5462.82万,2014-08-06,水泥制品制造,商品砼、节能建材
上海海阳保安服务股份有限公司,上海市,3.05亿,5340.04万,2014-08-11,单位后勤管理服务,保安、养老服务
上海裕荣光电科技股份有限公司,上海市,7268.83万,-570.38万,2014-08-08,其他电工器材制造,特种光缆光纤、光集成配套产品、光传感系列产品
南京上元堂医药股份有限公司,南京市,4.05亿,1696.20万,2014-07-31,药品零售,药品、医疗器械、保健食品、沉香类产品
深圳市星龙科技股份有限公司,深圳市,3408.72万,-186.72万,2014-08-13,供应用仪表及其他通用仪器制造,传统电力测试仪器仪表、智能变电站测试仪器仪表、新能源充电桩检测仪、技术服务、检测服务
山东迪浩耐磨管道股份有限公司,淄博市,3946.78万,-738.80万,2014-08-08,塑料板、管、型材制造,超高分子量聚乙烯管
浙江兆久成信息技术股份有限公司,杭州市,7789.46万,-1278.37万,2014-08-08,信息系统集成服务,系统集成、技术服务费
珠海市康定电子股份有限公司,珠海市,1.32亿,-647.26万,2014-08-05,电子元件及组件制造,电子变压器、电源及适配器、智能装备
广东幸美化妆品股份有限公司,广州市,4671.22万,-3729.57万,2014-08-06,化妆品制造,护肤品
青岛天行健物流股份有限公司,青岛市,1124.02万,-88.54万,2014-08-13,道路货物运输,陆运
纳晶科技股份有限公司,杭州市,1.44亿,-3386.25万,2014-08-05,信息化学品制造,显示产品、半导体发光材料、照明产品、技术服务
嘉斐科技(武汉)股份有限公司,武汉市,6258.70万,863.66万,2014-08-07,专项化学用品制造,乳化切削液、切削液、齿轮磨削液、防锈油、冷轧轧制油、高压低泡清洗剂、冲压油
河南约克动漫影视股份有限公司,郑州市,1.11亿,962.10万,2014-08-12,电影和影视节目制作,影视动画、软件服务、儿童乐园
德州可恩口腔医院股份有限公司,德州市,2.56亿,2224.02万,2014-08-12,专科医院,口内牙周科、修复、口外种植、儿牙正畸
上海君山表面技术工程股份有限公司,上海市,9411.71万,2827.10万,2014-08-12,金属表面处理及热处理加工,金属表面处理技术服务、改性产品
黄山科宏生物香料股份有限公司,黄山市,--,--,2014-08-05,香料、香精制造,生物质绿色香料
上海明硕供应链管理股份有限公司,上海市,1.42亿,104.83万,2014-08-01,货物运输代理,运输代理业、仓储
无锡北方数据计算股份有限公司,无锡市,--,--,2014-08-11,数据处理和存储服务,统一存储、智能数据保护、分布式存储与计算、互联网数据管理、服务与集成
济南科明数码技术股份有限公司,济南市,3967.72万,308.02万,2014-08-05,软件开发,软件产品、硬件产品、教育培训
景尚旅业集团股份有限公司,常州市,3.94亿,2644.37万,2014-08-11,旅行社服务,景区、酒店客房、餐饮服务
江苏麟龙新材料股份有限公司,无锡市,17.06亿,83.78万,2014-08-13,有色金属合金制造,合金产品、交通安全设施、材料销售
江苏森萱医药股份有限公司,南通市,5.64亿,1.38亿,2020-07-27,化学药品原料药制造,原料药、医药中间体、含氧杂环类化工中间体
金柏生态环境股份有限公司,沈阳市,7624.86万,-4772.29万,2014-08-06,其他土木工程建筑,工程施工、养护服务
广东中窑技术股份有限公司,佛山市,1.52亿,-8758.77万,2014-08-01,烘炉、熔炉及电炉制造,辊道窑、特种窑炉、干燥窑
江西惠当家信息技术股份有限公司,南昌市,412.61万,-273.75万,2014-08-08,软件开发,软件、硬件、技术服务
大盛微电科技股份有限公司,许昌市,4876.10万,-2.05亿,2014-08-08,配电开关控制设备制造,新能源系统、智能配用电系统、电力通信系统、专业工程服务
苏州高新区鑫庄农村小额贷款股份有限公司,苏州市,-39.09万,-1.43亿,2014-08-08,其他非货币银行服务,小额贷款、提供融资性担保、金融机构业务代理
西安圣华农业科技股份有限公司,西安市,6808.63万,215.13万,2014-08-12,烟草生产专用设备制造,温湿度控制器、烘干房、生物质燃烧机、农机、材料
河北润农节水科技股份有限公司,唐山市,5.89亿,5816.77万,2020-07-27,塑料板、管、型材制造,节水材料、节水工程
江苏苏北花卉股份有限公司,宿迁市,3.03亿,1891.55万,2014-08-08,其他土木工程建筑,园林绿化工程、苗木销售、园林养护
广东智通人才连锁股份有限公司,东莞市,5.89亿,2557.55万,2014-08-13,职业中介服务,招聘服务、灵活用工、猎头咨询、教育培训、家庭服务
上海艾录包装股份有限公司,上海市,11.20亿,1.43亿,2014-08-13,纸和纸板容器制造,工业用纸包装、塑料包装、智能包装
苏州科特环保股份有限公司,苏州市,9205.14万,1533.90万,2014-08-08,环境监测专用仪器仪表制造,仪器仪表、环保设备、合同能源管理、环保工程
杭州凯大催化金属材料股份有限公司,杭州市,17.11亿,6223.44万,2014-08-13,化学试剂和助剂制造,贵金属催化材料、贵金属催化材料加工服务
青岛东和科技股份有限公司,青岛市,--,--,2014-08-13,金属成形机床制造,数控冲床、数控板材加工生产线
深圳电通纬创微电子股份有限公司,深圳市,1.58亿,2313.17万,2014-08-13,集成电路制造,封测加工、传感器
先临三维科技股份有限公司,杭州市,5.68亿,5409.30万,2014-08-08,软件开发,扫描仪、打印机、耗材及配套设备、服务销售
深圳市日N生态科技股份有限公司,深圳市,5684.03万,-6344.71万,2014-08-12,其他土木工程建筑,工程施工类、养护设计类
深圳市中易腾达科技股份有限公司,深圳市,3.55亿,2010.26万,2014-08-12,通信系统设备制造,近距离无线通信模组
广州保得威尔电子科技股份有限公司,广州市,1.42亿,134.72万,2014-08-08,社会公共安全设备及器材制造,消防设备、咨询/技术服务、房屋出租/销售
南京德邦金属装备工程股份有限公司,南京市,--,--,2014-08-13,通信系统设备制造,装备制造、工程服务
合肥九星娱乐股份有限公司,合肥市,2566.48万,-3137.50万,2014-08-11,互联网信息服务,网络游戏
湖北兴和电力新材料股份有限公司,黄冈市,4.99亿,4526.30万,2014-08-12,电线、电缆制造,高压产品、中压产品、低压产品、工业铝型材、特种导线及电缆
上海鹏盾电子商务股份有限公司,上海市,36.61亿,2228.27万,2014-08-13,其他水上运输辅助活动,水上供油业务、油品贸易业务、运输业务、信息服务业务
壹玖壹玖酒类平台科技股份有限公司,成都市,46.09亿,5750.84万,2014-08-13,酒、饮料及茶叶零售,商品销售、数据推广、门店管理服务、技术服务费
上海金友金弘智能电气股份有限公司,上海市,2.89亿,1055.54万,2014-08-13,电线、电缆制造,光伏电缆、智能电气、光伏发电工程
四川九洲光电科技股份有限公司,绵阳市,1.73亿,418.30万,2014-08-13,照明灯具制造,照明工程产品、照明产品、封装及显示屏
北京汇能精电科技股份有限公司,北京市,2.60亿,1502.46万,2014-08-13,光伏设备及元器件制造,集成产品类、控制器类、逆变器类、房屋出租
浙江大铭新材料股份有限公司,杭州市,2939.63万,-1386.07万,2014-08-13,其他未列明电气机械及器材制造,复合管、伴热带、PVC装饰膜、电热片/电热地毯、发热膜/发热片、配件/材料
上海银橙科技股份有限公司,上海市,1.54亿,-2280.21万,2014-08-13,互联网信息服务,线上广告媒体业务、线下广告媒体业务、线下销售业务
上海英特罗机械电气制造股份有限公司,上海市,1156.02万,-136.92万,2014-08-15,建筑、家具用金属配件制造,欧洲标准锁芯、俄罗斯标准锁芯
成都飞鱼星科技股份有限公司,成都市,3397.92万,321.92万,2014-08-15,通信系统设备制造,企业级产品、家庭级产品
金大智能技术股份有限公司,金华市,506.40万,-812.11万,2014-08-19,助动自行车制造,电动自行车
南京宝泰特种材料股份有限公司,南京市,2.63亿,20.51万,2014-08-22,有色金属合金制造,复合材料、有色金属材料
萍乡华维电瓷科技股份有限公司,萍乡市,--,--,2014-08-20,特种陶瓷制品制造,交流盘型悬式瓷绝缘子
安徽久易农业股份有限公司,合肥市,9.28亿,7616.84万,2014-08-19,化学农药制造,丙硫菌唑系列、环磺酮系列、烟嘧磺隆系列、苯磺隆系列
无锡汉咏科技股份有限公司,无锡市,--,--,2014-08-19,集成电路制造,充值消费型APP、建筑信息化服务、视频制作产品、技术开发收入、广告宣传收入、网络资源外包及专业网络服务、货物销售
北京合锐赛尔电力科技股份有限公司,北京市,4.90亿,227.88万,2014-08-14,配电开关控制设备制造,环网柜类、柱上开关类、低压类、变压器类、柱上台区、电力工程施工
宁夏凯添燃气发展股份有限公司,银川市,4.59亿,7230.24万,2020-07-27,燃气生产和供应业,燃气
贵州兴艺景生态景观工程股份有限公司,贵阳市,1.28亿,1160.90万,2014-08-21,其他土木工程建筑,园林绿化工程、建设工程、项目运营
北京海联捷讯科技股份有限公司,北京市,2.99亿,2231.19万,2014-08-19,信息系统集成服务,技术服务、系统集成、软件产品、硬件销售
广东小白龙动漫文化股份有限公司,汕头市,6265.18万,-2115.35万,2014-08-14,玩具制造,玩具、发行
秦皇岛博硕光电设备股份有限公司,秦皇岛市,1.02亿,-2103.18万,2014-08-18,光伏设备及元器件制造,太阳能电池组件全自动生产线、太阳能电池组件层压机、太阳能电池组件串焊机、自动裁切机、组件检测设备
华雁智能科技(集团)股份有限公司,成都市,2.11亿,1601.33万,2014-08-15,信息系统集成服务,数智方案、软件服务
郑州三和视讯技术股份有限公司,郑州市,515.37万,-84.37万,2014-08-21,通信系统设备制造,摄像机式微波系统、技术开发、系统集成
大连北方国际展览股份有限公司,大连市,--,--,2014-08-14,会议及展览服务,展览展示服务、礼仪庆典服务、会议服务、广告业务
佛山市万兴隆环境资源股份有限公司,佛山市,5.19亿,-338.26万,2014-08-14,金属废料和碎屑加工处理,金属贸易、环保服务、运输服务、检测服务
杭州熙浪信息技术股份有限公司,杭州市,2104.36万,-268.21万,2014-08-20,集成电路设计,租赁
北京兴致体育股份有限公司,北京市,--,--,2014-08-22,数字内容服务,体育咨询赛事相关服务、体育运营传播服务、运营服务、青少年培训、体育品牌传播
河南华丽纸业包装股份有限公司,许昌市,--,--,2014-08-29,纸和纸板容器制造,包装用瓦楞纸箱、瓦楞纸板
湖北银丰棉花股份有限公司,武汉市,78.36亿,851.41万,2014-08-29,农产品初加工服务,销售皮棉、销售籽棉、销售化纤
北京卓华信息技术股份有限公司,北京市,--,--,2014-08-21,信息系统集成服务,公安信息化产品、硬件产品、系统集成、软件开发、软件产品
上海景睿营销策划股份有限公司,上海市,3.35亿,2730.45万,2014-08-29,会议及展览服务,提供劳务车展服务
厦门市朗星科技股份有限公司,厦门市,1.55亿,1700.38万,2014-08-22,照明灯具制造,产品销售、工程施工、租赁、材料销售及加工费
无锡红光微电子股份有限公司,无锡市,1.98亿,1650.10万,2014-08-15,半导体分立器件制造,分立器件、集成电路的封装和测试
扬州中天利新材料股份有限公司,扬州市,--,--,2014-08-22,其他基础化学原料制造,高纯砷、氧化铝、仲丁醇铝、异丙醇铝
湖北裕国菇业股份有限公司,随州市,18.83亿,2.11亿,2014-08-19,其他未列明农副食品加工,干制香菇、干制木耳、香菇制品
国义招标股份有限公司,广州市,2.31亿,7789.93万,2021-08-18,工程管理服务,招标代理服务、招标增值服务
郑州优波科新材料股份有限公司,郑州市,1747.34万,46.17万,2014-08-20,涂料制造,项目施工产品、外墙涂料、保温涂料、真石漆、保温腻子、隔热涂料
芜湖起重运输机器股份有限公司,芜湖市,5872.72万,283.66万,2014-08-14,连续搬运设备制造,斗式提升机、螺旋输送机、带式输送机、链式输送机、给料机、起重机、配件
银川市锦旺农业发展股份有限公司,银川市,--,--,2014-08-18,果品、蔬菜批发,蔬菜、副食品
北京雷克利达节能环保科技股份有限公司,北京市,--,--,2014-08-20,其他未列明零售业,建筑机电工程业务、节能业务
四川深远石油钻井工具股份有限公司,成都市,7079.98万,87.78万,2014-08-19,石油钻采专用设备制造,钻头、螺杆、钻井工具
承德天成印刷科技股份有限公司,承德市,1.69亿,415.13万,2014-08-22,信息化学品制造,PS版、UVCTP、CTP热敏版
广州赛莱拉干细胞科技股份有限公司,广州市,1.01亿,-4839.62万,2014-08-14,医学研究和试验发展,功能性护肤品、医疗技术服务、科研服务
安徽美佳新材料股份有限公司,芜湖市,15.94亿,6309.12万,2014-08-20,涂料制造,混合型粉末、纯聚酯粉末、环氧树脂、二步法环氧树脂、聚酯树脂
湖南巴陵炉窑节能股份有限公司,岳阳市,2.74亿,1981.54万,2014-08-15,冶金专用设备制造,工程项目、工程服务、节能配件、耐火材料、铝合金材料及制品
厦门三优光电股份有限公司,厦门市,--,--,2014-08-29,光电子器件及其他电子器件制造,应用于数据传输、通讯领域的光电器件和光电组件、应用于传感物连网等其他领域的光电器件、组件及模块
重庆多普泰制药股份有限公司,重庆市,5.43亿,4588.34万,2014-08-19,中成药生产,脉血康胶囊、晕痛定胶囊、脉血康片剂
武汉天颖环境工程股份有限公司,武汉市,--,--,2014-08-21,其他污染治理,工程施工、工程设计及碳排放交易
广州霍斯通电气股份有限公司,广州市,3249.79万,-414.86万,2014-08-15,配电开关控制设备制造,环网柜、环氧件、充电桩、新能源车租金
珠海天香苑生物科技发展股份有限公司,珠海市,9067.10万,-201.25万,2014-08-29,其他调味品、发酵制品制造,食品类、饲料类
深圳市中瀛鑫科技股份有限公司,深圳市,0.0000,-1475.72万,2014-08-29,信息系统集成服务,服务性
西安远古信息科技股份有限公司,西安市,--,--,2014-08-29,软件开发,体育休闲信息管理系统、旅游休闲行业信息管理系统、系统集成、技术服务
安徽省安泰科技股份有限公司,合肥市,10.35亿,-2.70亿,2014-08-29,信息系统集成服务,系统集成业务、产品应用及服务
上海浩驰科技股份有限公司,上海市,--,--,2014-08-21,塑料薄膜制造,安全隔热膜、其他功能性薄膜
鑫干线(北京)科技股份公司,北京市,650.50万,-247.85万,2014-08-29,软件开发,技术服务
辽宁圣维机电科技股份有限公司,鞍山市,--,--,2014-08-19,金属门窗制造,建筑物门窗、地铁屏蔽门
根力多生物科技股份有限公司,邢台市,5.86亿,248.44万,2014-08-21,有机肥料及微生物肥料制造,有机无机复混肥、经销、生物有机肥、微生物菌剂、新型氮肥、复合肥、测土配方肥、复合微生物肥料、水溶肥、生物蛋白控释肥、土壤调理剂
凌志环保股份有限公司,无锡市,5.00亿,6114.75万,2014-09-12,水污染治理,污水处理工程业务、污水处理设备业务、污水处理业务、环保设计咨询业务、商品贸易业务、其他业务
厦门威尔圣电气股份有限公司,厦门市,1332.14万,38.19万,2014-08-22,配电开关控制设备制造,中压产品、低压产品-、配电、低压产品-终端
上海北塔软件股份有限公司,上海市,7474.57万,365.23万,2014-08-18,软件开发,网络运维管理软件、IT综合管理软件、数据流分析软件、PC桌面管理软件、智慧运维管理平台
福建瑞聚信息技术股份有限公司,福州市,1299.55万,-2299.27万,2014-08-21,信息技术咨询服务,通信技术服务、信息系统集成
福建瑞恒信息科技股份有限公司,福州市,1040.53万,-1852.28万,2014-08-22,通信终端设备制造,话机销售、维修
浙江佳力科技股份有限公司,杭州市,4.22亿,1062.05万,2014-08-20,风能原动设备制造,风电铸件、一般铸件、石油储运离心泵、配件
武汉宏海科技股份有限公司,武汉市,4.68亿,2195.67万,2014-08-15,金属结构制造,空调钣金、光电钣金
广东易通鼎盛科技股份有限公司,惠州市,3.57万,-565.57万,2014-08-29,照明灯具制造,技术开发、服务、游戏代理、游戏
浙江立思能源科技股份有限公司,杭州市,--,--,2014-08-18,工程管理服务,安装工程、材料设备、EMC节能、EPC总承包
西安西驰电气股份有限公司,西安市,2.03亿,1864.62万,2014-08-18,变压器、整流器和电感器制造,电力电子产品、维修与配件
北京东润环能科技股份有限公司,北京市,1.33亿,3117.79万,2014-08-15,信息系统集成服务,新能源发电功率预测产品、新能源并网智能控制系统、新能源电网智能调度管理系统、与服务
绿网天下(福建)网络科技股份有限公司,厦门市,242.57万,-2920.85万,2014-08-21,软件开发,硬件、软件、服务、项目
广州博冠光电科技股份有限公司,广州市,2.38亿,-1385.20万,2014-08-19,光学仪器制造,智能光电
河南秋乐种业科技股份有限公司,郑州市,3.39亿,4007.40万,2014-08-18,玉米种植,农作物种子
凉山州锡成新材料股份有限公司,凉山彝族自治州,--,--,2014-12-10,其他采矿业,滑石粉、四季粉
北京精冶源新材料股份有限公司,北京市,1.68亿,116.24万,2014-08-19,耐火陶瓷制品及其他耐火材料制造,高炉炉外用耐火材料、高炉本体检修用耐火材料、环保炮泥
山东乾元泽孚科技股份有限公司,济南市,9548.47万,130.05万,2014-08-29,其他建筑材料制造,轻钢结构轻质隔墙板镶嵌式节能建筑体系、预制整体建筑结构体系、新农村整体节能房屋体系
河北鑫航铁塔科技股份有限公司,衡水市,--,--,2014-08-29,通信系统设备制造,铁塔
中网科技(苏州)股份有限公司,苏州市,3417.21万,33.51万,2014-08-22,数据处理和存储服务,云服务器、IDC业务
江苏物润船联网络股份有限公司,苏州市,4.64亿,2867.27万,2014-08-21,互联网信息服务,运输服务、平台综合服务、视频设备销售、视频监控软件及服务
武汉思为同飞网络技术股份有限公司,武汉市,663.31万,-327.74万,2014-08-29,信息系统集成服务,软件产品销售、集成产品销售、技术服务销售
新疆维泰开发建设(集团)股份有限公司,乌鲁木齐市,44.56亿,6046.93万,2014-08-29,房屋建筑业,市政工程、房屋建筑、建筑材料销售、检测费
北京奥维云网大数据科技股份有限公司,北京市,9479.26万,-1802.66万,2014-08-18,互联网信息服务,大数据信息服务、常规数据信息服务、会议服务、市场调查专项服务、OTT数据与运营服务
天津市翔维科技发展股份有限公司,天津市,0.0000,3400.00,2014-08-21,塑料薄膜制造,代理业务
上海埃林哲软件系统股份有限公司,上海市,--,--,2014-08-15,软件开发,ERP实施服务、运行维护、配套软件硬件销售
福建金科信息技术股份有限公司,福州市,2.57亿,434.52万,2014-08-22,信息系统集成服务,IT基础设施运维服务业务、IT系统集成服务业务
浙江茶乾坤食品股份有限公司,湖州市,8089.15万,487.81万,2014-08-29,精制茶加工,ODM茶、原料茶、自有品牌茶
江苏荣腾精密组件科技股份有限公司,苏州市,1.29亿,-1084.54万,2014-08-14,模具制造,模具、冲压、注塑
北京智明恒石油科技股份有限公司,北京市,7.55万,-3853.44万,2014-08-14,软件开发,技术开发服务
江苏哥伦布商业管理股份有限公司,苏州市,--,--,2014-08-15,房地产中介服务,商业管理顾问服务、商业运营管理服务、招商服务
上海优粒科技股份有限公司,上海市,--,--,2014-08-18,信息系统集成服务,房屋租赁及物业服务费、家具销售、软件使用费、系统开发、设计服务费
上海易销科技股份有限公司,上海市,--,--,2014-08-22,信息系统集成服务,电子渠道服务、终端产品
新疆福克油品股份有限公司,乌鲁木齐市,--,--,2014-08-22,原油加工及石油制品制造,润滑油、润滑脂
腾远食品(上海)股份有限公司,上海市,1.31亿,1079.31万,2014-08-22,其他食品批发,糖果、副食、糕点饼干、饮料调味
深圳市兰亭科技股份有限公司,深圳市,4.14亿,4379.51万,2014-08-19,化妆品制造,彩妆、护肤、洗沐、健康
云南蓝钻生物科技股份有限公司,昆明市,1198.40万,-1134.92万,2014-08-15,保健食品制造,螺旋藻片、滇橄榄片、三七片、保健茶
山东力久特种电机股份有限公司,威海市,3.40亿,2099.72万,2014-08-14,电动机制造,电机
福建永信数控科技股份有限公司,泉州市,7789.33万,401.66万,2014-08-29,缝制机械制造,大圆机、羊毛衫机
湖北大成空间科技股份有限公司,武汉市,501.13万,-533.79万,2014-08-21,砼结构构件制造,DCKQ空腔产品、技术服务、房租
北京中标新亚节能工程股份有限公司,北京市,1.19亿,-2197.04万,2014-09-02,节能技术推广服务,工程项目、工程销售
山东领信信息科技股份有限公司,济南市,2.84亿,3152.06万,2014-09-01,软件开发,软件开发、技术服务
河南泓宇环能科技股份有限公司,郑州市,2850.38万,-2777.81万,2014-09-02,金属压力容器制造,节能环保装备、变压变温吸附装置、节能环保装备、换热设备、销售材料、工程项目
新疆兴宏泰股份有限公司,乌鲁木齐市,2.79亿,4723.42万,2014-09-02,铁矿采选,铁精粉、铜精粉、金、银
山东临风科技股份有限公司,临沂市,7250.40万,-517.28万,2014-09-01,风机、风扇制造,离心通风机、轴流风机、罗茨鼓风机、离心鼓风机、维修、风机配件
科润智能科技股份有限公司,西安市,1.25亿,215.15万,2014-09-17,信息系统集成服务,智慧交通系统集成业务、交安工程
常州爱特科技股份有限公司,常州市,4710.18万,-340.15万,2014-09-17,其他输配电及控制设备制造,SF6类分析系统仪表、在线类监测系统、露点分析仪、氢气类分析仪表、姿态系统、停车管理、外购仪器类
安徽颍元农业科技股份有限公司,阜阳市,--,--,2014-09-30,棉纺纱加工,棉纺织品、钛合金粉末
芜湖泰和管业股份有限公司,芜湖市,2.54亿,2305.79万,2014-09-16,其他建筑、安全用金属制品制造,水用不锈钢波纹管、燃气输送用不锈钢波纹管、燃气灶具用不锈钢波纹管、补偿器、金属波纹软管、配件、废品
江西省广蓝传动科技股份有限公司,赣州市,--,--,2014-09-09,汽车零部件及配件制造,汽车零配件
上海力阳道路加固科技股份有限公司,上海市,5422.32万,-34.51万,2014-09-16,公路工程建筑,注浆加固工程
北京易讯通信息技术股份有限公司,北京市,1.65亿,-3228.56万,2014-09-11,软件开发,一般商品、自主软件、技术服务
江苏焕鑫新材料股份有限公司,盐城市,--,--,2014-09-19,其他日用化学产品制造,防霉消毒杀菌剂(PCMX/DCMX/PCMC/TCC/DP300)、中间体(IPHO/异丙叉丙酮/MX)
上海欣影电力科技股份有限公司,上海市,1.71亿,1579.80万,2014-09-23,电工仪器仪表制造,输电项目、变电项目、配电项目、通信项目、军工项目
湖南长宏锅炉科技股份有限公司,衡阳市,--,--,2014-09-19,锅炉及辅助设备制造,燃煤锅炉、燃油（气）锅炉、燃煤（生物质）锅炉、循环流化床、锅炉安装
山东奥美环境股份有限公司,济南市,6222.05万,1193.31万,2014-09-18,环境保护专用设备制造,水处理设备、膜类产品
吉林省金越交通装备股份有限公司,长春市,--,--,2014-09-22,城市轨道交通设备制造,铁路客车高中低档座椅、城市轨道座椅、卧铺、风挡、贯通道
上海全胜物流股份有限公司,上海市,9889.34万,2566.80万,2014-09-23,其他仓储业,仓储及仓储增值服务、国际货运代理
昆明理工恒达科技股份有限公司,昆明市,5.66亿,3095.05万,2014-09-24,其他有色金属压延加工,阳极板、阴极板、产品加工
广州益方田园环保股份有限公司,广州市,3871.50万,337.69万,2014-09-19,水污染治理,废水处理运营、工业废水废气处理工程安装、产品销售、技术服务
上海浩祯文化发展股份有限公司,上海市,1771.89万,-41.45万,2014-09-22,计算机、软件及辅助设备批发,娱乐业
天津安达物流股份有限公司,天津市,6.48亿,2252.64万,2014-09-24,道路货物运输,运输―整车、运输―烟草、仓储及服务
浙江晨龙锯床股份有限公司,丽水市,--,--,2014-09-24,金属切削机床制造,金属带锯床、金属圆锯机、带锯条
辽宁伊菲科技股份有限公司,葫芦岛市,4038.00万,-953.72万,2014-09-25,特种陶瓷制品制造,复合陶瓷制品、液态合金、液态合金运营、租赁
南京天河汽车零部件股份有限公司,南京市,1.54亿,-1435.01万,2014-09-26,汽车零部件及配件制造,汽车零部件
广州艾科新材料股份有限公司,广州市,5064.59万,404.74万,2014-09-25,化学试剂和助剂制造,精细化学品、制品
上海远洲管业科技股份有限公司,上海市,1711.46万,-710.62万,2014-09-26,塑料板、管、型材制造,通信管材、电力管材、消防管材、管材配件、冷溶剂
苏州纳地金属制品股份有限公司,苏州市,4370.91万,7.16万,2014-09-25,金属家具制造,户外休闲家具
深圳市鑫汇科股份有限公司,深圳市,7.42亿,3641.08万,2022-05-27,家用厨房电器具制造,智能控制技术及其产品应用、半导体元件分销
南通华尔康医疗科技有限公司,南通市,--,--,2014-09-30,卫生材料及医药用品制造,可吸收性外科缝线、非吸收性外科缝线、组织修补片、切口保护套
北京百特莱德工程技术股份有限公司,北京市,1.34亿,790.66万,2014-09-26,连续搬运设备制造,冶金重工行业、铁路行业、轻化工食品行业、电力行业、备件
广东海纳川生物科技股份有限公司,佛山市,2.66亿,857.00万,2014-10-08,食品及饲料添加剂制造,药物饲料添加剂、生物饲料
广东泰恩康医药股份有限公司,汕头市,6.54亿,1.20亿,2014-10-08,西药批发,非处方药、处方药、化学药、外用药及中成药、医疗器械、卫生材料
珠海派诺科技股份有限公司,珠海市,4.99亿,6486.08万,2014-10-14,工业自动控制系统装置制造,智能电力测控产品、用电与能源管理系统、充电设备及系统
山东天鸿模具股份有限公司,烟台市,2086.57万,-671.21万,2014-10-16,模具制造,模具、加工费、设备、技术服务费、租赁、建材
河南心连心深冷能源股份有限公司,新乡市,4.87亿,9407.34万,2014-10-14,其他基础化学原料制造,合成气体、空分气体、电子特气、能源气体
浙江科马摩擦材料股份有限公司,丽水市,2.23亿,7251.93万,2014-10-10,汽车零部件及配件制造,制动系摩擦材料、传动系摩擦材料
武汉奥杰科技股份有限公司,武汉市,938.71万,-34.51万,2014-10-08,烘炉、熔炉及电炉制造,成套设备销售、配件销售、加工
北京莱特九州技术服务股份有限公司,北京市,154.13万,-62.87万,2014-10-09,测绘服务,益生菌商品
北京可视化智能科技股份有限公司,北京市,2899.28万,22.82万,2014-10-08,节能技术推广服务,信息系统集成、视频监控系统、气悬浮风机等硬件、技术咨询服务
江苏强盛功能化学股份有限公司,苏州市,7.98亿,1.37亿,2014-10-08,有机化学原料制造,化工产品销售
洛阳众智软件科技股份有限公司,洛阳市,1.49亿,1086.60万,2014-10-09,软件开发,技术开发、外购软硬件销售、技术服务、标准软硬件销售、会务服务
金鸿药业股份有限公司,珠海市,4.34亿,2181.84万,2014-10-08,化学药品制剂制造,头孢类药品、非头孢类药品
广州创尔生物技术股份有限公司,广州市,2.40亿,3405.41万,2014-10-08,卫生材料及医药用品制造,胶原产品、非胶原产品
雅安正兴汉白玉股份有限公司,雅安市,--,--,2014-10-14,建筑装饰用石开采,非金属矿采选业
四川新健康成生物股份有限公司,成都市,1.62亿,2779.30万,2014-10-13,生物药品制造,自产试剂、自产仪器、综合技术服务、代理试剂、代理仪器
青岛三祥科技股份有限公司,青岛市,6.12亿,8177.95万,2014-10-16,汽车零部件及配件制造,制动系统软管及总成、动力转向系统软管及总成、冷却系统软管及总成、燃油系统软管及总成
佛山市雅洁源科技股份有限公司,佛山市,2387.62万,101.12万,2014-10-15,环境保护专用设备制造,医院及校园水处理
北京博华信智科技股份有限公司,北京市,2.96亿,6866.16万,2014-10-09,信息系统集成服务,设备健康管理系统、设备工业互联网平台、技术研究与设备故障诊断服务、设备监测控制系统
浙江海博小额贷款股份有限公司,绍兴市,1.31亿,6101.36万,2014-10-24,其他非货币银行服务,小额贷款、办理小企业发展、管理、财务咨询业务
巨正源股份有限公司,深圳市,58.04亿,3.40亿,2014-10-17,石油及制品批发,高分子材料业务、石化仓储综合服务、石油制品贸易业务
江苏润华电缆股份有限公司,扬州市,9.35亿,3847.14万,2014-10-24,电线、电缆制造,安装线、低压电缆、计算机电缆、控制电缆、中压电缆
